{"is_source_file": true, "format": "Python", "description": "This file defines a context processor for a Django application, specifically providing a cart summary by counting items in a user's cart for template rendering.", "external_files": ["cart.models"], "external_methods": ["Cart.objects.get", "Cart.DoesNotExist", "Cart.items.count"], "published": ["cart_summary"], "classes": [], "methods": [{"name": "cart_summary(request)", "description": "Adds cart item count to template context for logged-in users based on their cart.", "scope": "", "scopeKind": ""}], "calls": ["Cart.objects.get", "Cart.DoesNotExist", "cart.items.count"], "search-terms": ["cart_summary", "context_processors", "django", "cart", "e-commerce"], "state": 2, "file_id": 37, "knowledge_revision": 100, "git_revision": "a1d371d1f4c1595788454008b65ee2947aa15578", "ctags": [{"_type": "tag", "name": "cart_summary", "path": "/home/kavia/workspace/code-generation/e-commerce-platform-313668-313677/django_backend/cart/context_processors.py", "pattern": "/^def cart_summary(request):$/", "language": "Python", "kind": "function", "signature": "(request)"}], "hash": "8243502cfc5a2396ac09744c5741f1ec", "format-version": 4, "code-base-name": "django_backend", "filename": "django_backend/cart/context_processors.py", "revision_history": [{"100": "a1d371d1f4c1595788454008b65ee2947aa15578"}]}