{"is_source_file": true, "format": "Python", "description": "Django URL configuration file for contact-related views, defining URL patterns for contact entry points.", "external_files": ["contact/views.py"], "external_methods": ["contact.views.contact_entrypoint", "contact.views.contact_guest"], "published": ["contact"], "classes": [], "methods": [], "calls": ["path"], "search-terms": ["django", "urls", "contact", "urlpatterns", "contact_entrypoint", "contact_guest", "app_name"], "state": 2, "file_id": 57, "knowledge_revision": 120, "git_revision": "a1d371d1f4c1595788454008b65ee2947aa15578", "ctags": [{"_type": "tag", "name": "app_name", "path": "/home/kavia/workspace/code-generation/e-commerce-platform-313668-313677/django_backend/contact/urls.py", "pattern": "/^app_name = \"contact\"$/", "language": "Python", "kind": "variable"}, {"_type": "tag", "name": "urlpatterns", "path": "/home/kavia/workspace/code-generation/e-commerce-platform-313668-313677/django_backend/contact/urls.py", "pattern": "/^urlpatterns = [$/", "language": "Python", "kind": "variable"}], "hash": "fd61690704e66665dabc9cfb87fa197c", "format-version": 4, "code-base-name": "django_backend", "filename": "django_backend/contact/urls.py", "fields": [{"name": "app_name = \"contact\"", "scope": "", "scopeKind": "", "description": "unavailable"}, {"name": "urlpatterns = [", "scope": "", "scopeKind": "", "description": "unavailable"}], "revision_history": [{"120": "a1d371d1f4c1595788454008b65ee2947aa15578"}]}