{"is_source_file": false, "format": "", "description": "", "external_files": [], "external_methods": [], "published": [], "classes": [], "methods": [], "calls": [], "search-terms": [], "state": 2, "file_id": 51, "knowledge_revision": 114, "git_revision": "a1d371d1f4c1595788454008b65ee2947aa15578", "hash": "b5ed0a6324b50d1929b4a0db179ff2c3", "format-version": 4, "code-base-name": "django_backend", "filename": "django_backend/orders/templates/orders/order_success.html", "revision_history": [{"114": "a1d371d1f4c1595788454008b65ee2947aa15578"}]}