{"is_source_file": false, "format": "", "description": "", "external_files": [], "external_methods": [], "published": [], "classes": [], "methods": [], "calls": [], "search-terms": ["product_detail.html", "template", "e-commerce", "catalog", "django", "HTML", "template tags"], "state": 2, "file_id": 26, "knowledge_revision": 89, "git_revision": "a1d371d1f4c1595788454008b65ee2947aa15578", "hash": "7defa6a23a9e4f3658ae8abb5f010ee8", "format-version": 4, "code-base-name": "django_backend", "filename": "django_backend/catalog/templates/catalog/product_detail.html", "revision_history": [{"89": "a1d371d1f4c1595788454008b65ee2947aa15578"}]}