{"is_source_file": true, "format": "Python", "description": "Django views module for handling shopping cart operations such as viewing cart, adding products, increasing and decreasing item quantities.", "external_files": ["django.contrib", "django.contrib.auth.decorators", "django.http", "django.shortcuts", "cart.models", "cart.services", "catalog.models"], "external_methods": ["messages.success", "get_object_or_404", "redirect", "render", "get_or_create_cart_for_user", "add_product", "change_quantity"], "published": ["view_cart", "add_to_cart", "increase_item", "decrease_item"], "classes": [], "methods": [{"name": "HttpResponse view_cart(request: HttpRequest)", "description": "Displays the user's shopping cart with items and total price.", "scope": "", "scopeKind": ""}, {"name": "HttpResponse add_to_cart(request: HttpRequest, product_id: int)", "description": "Adds a product to the user's cart or increases quantity if already present.", "scope": "", "scopeKind": ""}, {"name": "HttpResponse increase_item(request: HttpRequest, item_id: int)", "description": "Increases the quantity of a specific cart item by one.", "scope": "", "scopeKind": ""}, {"name": "HttpResponse decrease_item(request: HttpRequest, item_id: int)", "description": "Decreases the quantity of a cart item by one, removing it if quantity reaches zero.", "scope": "", "scopeKind": ""}], "calls": ["get_or_create_cart_for_user(request.user)", "cart.items.select_related(\"product\")", "sum((i.product.price * i.quantity) for i in items)", "render(request, \"cart/cart.html\", ...)", "get_object_or_404(Product, id=product_id)", "add_product(request.user, product)", "messages.success(...)", "redirect(request.META.get(\"HTTP_REFERER\") or \"cart:view_cart\")", "get_object_or_404(CartItem, id=item_id, cart__user=request.user)", "change_quantity(item, delta=1)", "redirect(\"cart:view_cart\")"], "search-terms": ["cart views", "shopping cart Django", "add product to cart", "change cart item quantity", "CartItem", "get_or_create_cart_for_user"], "state": 2, "file_id": 38, "knowledge_revision": 101, "git_revision": "a1d371d1f4c1595788454008b65ee2947aa15578", "ctags": [{"_type": "tag", "name": "add_to_cart", "path": "/home/kavia/workspace/code-generation/e-commerce-platform-313668-313677/django_backend/cart/views.py", "pattern": "/^def add_to_cart(request: HttpRequest, product_id: int) -> HttpResponse:$/", "language": "Python", "typeref": "typename:HttpResponse", "kind": "function", "signature": "(request: HttpRequest, product_id: int)"}, {"_type": "tag", "name": "decrease_item", "path": "/home/kavia/workspace/code-generation/e-commerce-platform-313668-313677/django_backend/cart/views.py", "pattern": "/^def decrease_item(request: HttpRequest, item_id: int) -> HttpResponse:$/", "language": "Python", "typeref": "typename:HttpResponse", "kind": "function", "signature": "(request: HttpRequest, item_id: int)"}, {"_type": "tag", "name": "increase_item", "path": "/home/kavia/workspace/code-generation/e-commerce-platform-313668-313677/django_backend/cart/views.py", "pattern": "/^def increase_item(request: HttpRequest, item_id: int) -> HttpResponse:$/", "language": "Python", "typeref": "typename:HttpResponse", "kind": "function", "signature": "(request: HttpRequest, item_id: int)"}, {"_type": "tag", "name": "view_cart", "path": "/home/kavia/workspace/code-generation/e-commerce-platform-313668-313677/django_backend/cart/views.py", "pattern": "/^def view_cart(request: HttpRequest) -> HttpResponse:$/", "language": "Python", "typeref": "typename:HttpResponse", "kind": "function", "signature": "(request: HttpRequest)"}], "hash": "f5a9031d60918f32dba9e2282a6d5ab0", "format-version": 4, "code-base-name": "django_backend", "filename": "django_backend/cart/views.py", "revision_history": [{"101": "a1d371d1f4c1595788454008b65ee2947aa15578"}]}