{"is_source_file": false, "format": "", "description": "", "external_files": [], "external_methods": [], "published": [], "classes": [], "methods": [], "calls": [], "search-terms": ["base.html", "Django template", "HTML", "template inheritance", "static files", "navigation", "user authentication"], "state": 2, "file_id": 8, "knowledge_revision": 71, "git_revision": "a1d371d1f4c1595788454008b65ee2947aa15578", "hash": "486c50f70baaec5ffee52dcc3b3cf884", "format-version": 4, "code-base-name": "django_backend", "filename": "django_backend/templates/base.html", "revision_history": [{"71": "a1d371d1f4c1595788454008b65ee2947aa15578"}]}