{"is_source_file": false, "format": "", "description": "", "external_files": [], "external_methods": [], "published": [], "classes": [], "methods": [], "calls": [], "search-terms": [], "state": 2, "file_id": 17, "knowledge_revision": 80, "git_revision": "a1d371d1f4c1595788454008b65ee2947aa15578", "hash": "ec69290fc2eb97be0955d5ace74dd0bd", "format-version": 4, "code-base-name": "django_backend", "filename": "django_backend/accounts/templates/accounts/login.html", "revision_history": [{"80": "a1d371d1f4c1595788454008b65ee2947aa15578"}]}