{"is_source_file": true, "format": "Python", "description": "This file defines Django form classes for checkout and order tracking functionalities in an e-commerce backend. It includes form fields for delivery details, payment options, and order ID input handling.", "external_files": ["orders.models"], "external_methods": [], "published": ["CheckoutForm", "TrackOrderForm"], "classes": [{"name": "CheckoutForm", "description": "Form collecting delivery details and payment mode at checkout."}, {"name": "TrackOrderForm", "description": "Form for inputting order ID to track an order."}], "methods": [{"name": "str clean_order_id(self)", "description": "Normalizes and uppercases the order ID input.", "scope": "TrackOrderForm", "scopeKind": "class"}], "calls": [], "search-terms": ["CheckoutForm", "TrackOrderForm", "forms.CharField", "forms.ChoiceField", "django.forms", "Order"], "state": 2, "file_id": 45, "knowledge_revision": 108, "git_revision": "a1d371d1f4c1595788454008b65ee2947aa15578", "ctags": [{"_type": "tag", "name": "CheckoutForm", "path": "/home/kavia/workspace/code-generation/e-commerce-platform-313668-313677/django_backend/orders/forms.py", "pattern": "/^class CheckoutForm(forms.Form):$/", "language": "Python", "kind": "class"}, {"_type": "tag", "name": "PAYMENT_MODE_CHOICES", "path": "/home/kavia/workspace/code-generation/e-commerce-platform-313668-313677/django_backend/orders/forms.py", "pattern": "/^    PAYMENT_MODE_CHOICES = [$/", "language": "Python", "kind": "variable", "scope": "CheckoutForm", "scopeKind": "class"}, {"_type": "tag", "name": "TrackOrderForm", "path": "/home/kavia/workspace/code-generation/e-commerce-platform-313668-313677/django_backend/orders/forms.py", "pattern": "/^class TrackOrderForm(forms.Form):$/", "language": "Python", "kind": "class"}, {"_type": "tag", "name": "address", "path": "/home/kavia/workspace/code-generation/e-commerce-platform-313668-313677/django_backend/orders/forms.py", "pattern": "/^    address = forms.CharField(widget=forms.Textarea(attrs={\"class\": \"form-control\", \"rows\": 3}))$/", "language": "Python", "kind": "variable", "scope": "CheckoutForm", "scopeKind": "class"}, {"_type": "tag", "name": "city", "path": "/home/kavia/workspace/code-generation/e-commerce-platform-313668-313677/django_backend/orders/forms.py", "pattern": "/^    city = forms.CharField(widget=forms.TextInput(attrs={\"class\": \"form-control\"}))$/", "language": "Python", "kind": "variable", "scope": "CheckoutForm", "scopeKind": "class"}, {"_type": "tag", "name": "clean_order_id", "path": "/home/kavia/workspace/code-generation/e-commerce-platform-313668-313677/django_backend/orders/forms.py", "pattern": "/^    def clean_order_id(self) -> str:$/", "language": "Python", "typeref": "typename:str", "kind": "member", "signature": "(self)", "scope": "TrackOrderForm", "scopeKind": "class"}, {"_type": "tag", "name": "contact_number", "path": "/home/kavia/workspace/code-generation/e-commerce-platform-313668-313677/django_backend/orders/forms.py", "pattern": "/^    contact_number = forms.CharField(widget=forms.TextInput(attrs={\"class\": \"form-control\"}))$/", "language": "Python", "kind": "variable", "scope": "CheckoutForm", "scopeKind": "class"}, {"_type": "tag", "name": "order_id", "path": "/home/kavia/workspace/code-generation/e-commerce-platform-313668-313677/django_backend/orders/forms.py", "pattern": "/^    order_id = forms.CharField(widget=forms.TextInput(attrs={\"class\": \"form-control\"}))$/", "language": "Python", "kind": "variable", "scope": "TrackOrderForm", "scopeKind": "class"}, {"_type": "tag", "name": "payment_mode", "path": "/home/kavia/workspace/code-generation/e-commerce-platform-313668-313677/django_backend/orders/forms.py", "pattern": "/^    payment_mode = forms.ChoiceField(choices=PAYMENT_MODE_CHOICES, widget=forms.Select(attrs={\"c/", "language": "Python", "kind": "variable", "scope": "CheckoutForm", "scopeKind": "class"}, {"_type": "tag", "name": "state", "path": "/home/kavia/workspace/code-generation/e-commerce-platform-313668-313677/django_backend/orders/forms.py", "pattern": "/^    state = forms.CharField(widget=forms.TextInput(attrs={\"class\": \"form-control\"}))$/", "language": "Python", "kind": "variable", "scope": "CheckoutForm", "scopeKind": "class"}, {"_type": "tag", "name": "zipcode", "path": "/home/kavia/workspace/code-generation/e-commerce-platform-313668-313677/django_backend/orders/forms.py", "pattern": "/^    zipcode = forms.CharField(widget=forms.TextInput(attrs={\"class\": \"form-control\"}))$/", "language": "Python", "kind": "variable", "scope": "CheckoutForm", "scopeKind": "class"}], "hash": "403b3ad3b839b368a86e53f9caab50b6", "format-version": 4, "code-base-name": "django_backend", "filename": "django_backend/orders/forms.py", "fields": [{"name": "PAYMENT_MODE_CHOICES = [", "scope": "CheckoutForm", "scopeKind": "class", "description": "unavailable"}, {"name": "address = forms.CharField(widget=forms.Textarea(attrs={\"class\": \"form-control\", \"rows\": 3}))", "scope": "CheckoutForm", "scopeKind": "class", "description": "unavailable"}, {"name": "city = forms.CharField(widget=forms.TextInput(attrs={\"class\": \"form-control\"}))", "scope": "CheckoutForm", "scopeKind": "class", "description": "unavailable"}, {"name": "contact_number = forms.CharField(widget=forms.TextInput(attrs={\"class\": \"form-control\"}))", "scope": "CheckoutForm", "scopeKind": "class", "description": "unavailable"}, {"name": "order_id = forms.CharField(widget=forms.TextInput(attrs={\"class\": \"form-control\"}))", "scope": "TrackOrderForm", "scopeKind": "class", "description": "unavailable"}, {"name": "payment_mode = forms.ChoiceField(choices=PAYMENT_MODE_CHOICES, widget=forms.Select(attrs={\"c/", "scope": "CheckoutForm", "scopeKind": "class", "description": "unavailable"}, {"name": "state = forms.CharField(widget=forms.TextInput(attrs={\"class\": \"form-control\"}))", "scope": "CheckoutForm", "scopeKind": "class", "description": "unavailable"}, {"name": "zipcode = forms.CharField(widget=forms.TextInput(attrs={\"class\": \"form-control\"}))", "scope": "CheckoutForm", "scopeKind": "class", "description": "unavailable"}], "revision_history": [{"108": "a1d371d1f4c1595788454008b65ee2947aa15578"}]}