{"is_source_file": true, "format": "Python", "description": "Django application configuration for the 'contact' app, defining the app's configuration class.", "external_files": ["django.apps"], "external_methods": [], "published": ["contact.apps.ContactConfig"], "classes": [{"name": "ContactConfig", "description": "Django AppConfig subclass for the 'contact' application, specifying default auto field and app name."}], "methods": [{"name": "__init__", "description": "Implicit constructor inherited from AppConfig, not explicitly defined in the file."}], "calls": [], "search-terms": ["ContactConfig", "AppConfig", "django.apps", "contact"], "state": 2, "file_id": 53, "knowledge_revision": 116, "git_revision": "a1d371d1f4c1595788454008b65ee2947aa15578", "ctags": [{"_type": "tag", "name": "ContactConfig", "path": "/home/kavia/workspace/code-generation/e-commerce-platform-313668-313677/django_backend/contact/apps.py", "pattern": "/^class ContactConfig(AppConfig):$/", "language": "Python", "kind": "class"}, {"_type": "tag", "name": "default_auto_field", "path": "/home/kavia/workspace/code-generation/e-commerce-platform-313668-313677/django_backend/contact/apps.py", "pattern": "/^    default_auto_field = \"django.db.models.BigAutoField\"$/", "language": "Python", "kind": "variable", "scope": "ContactConfig", "scopeKind": "class"}, {"_type": "tag", "name": "name", "path": "/home/kavia/workspace/code-generation/e-commerce-platform-313668-313677/django_backend/contact/apps.py", "pattern": "/^    name = \"contact\"$/", "language": "Python", "kind": "variable", "scope": "ContactConfig", "scopeKind": "class"}], "hash": "b3cd68014cd7010c52259a7bbb1e9417", "format-version": 4, "code-base-name": "django_backend", "filename": "django_backend/contact/apps.py", "fields": [{"name": "default_auto_field = \"django.db.models.BigAutoField\"", "scope": "ContactConfig", "scopeKind": "class", "description": "unavailable"}, {"name": "name = \"contact\"", "scope": "ContactConfig", "scopeKind": "class", "description": "unavailable"}], "revision_history": [{"116": "a1d371d1f4c1595788454008b65ee2947aa15578"}]}