{"is_source_file": false, "format": "", "description": "", "external_files": [], "external_methods": [], "published": [], "classes": [], "methods": [], "calls": [], "search-terms": [], "state": 2, "file_id": 25, "knowledge_revision": 88, "git_revision": "a1d371d1f4c1595788454008b65ee2947aa15578", "hash": "dbe1d4d4e53b778e200815a605640611", "format-version": 4, "code-base-name": "django_backend", "filename": "django_backend/catalog/templates/catalog/search.html", "revision_history": [{"88": "a1d371d1f4c1595788454008b65ee2947aa15578"}]}