{"is_source_file": false, "format": "", "description": "", "external_files": [], "external_methods": [], "published": [], "classes": [], "methods": [], "calls": [], "search-terms": [], "state": 2, "file_id": 18, "knowledge_revision": 81, "git_revision": "a1d371d1f4c1595788454008b65ee2947aa15578", "hash": "7244ab47325ca7f19a6946958a57e4e2", "format-version": 4, "code-base-name": "django_backend", "filename": "django_backend/accounts/templates/accounts/password_change.html", "revision_history": [{"81": "a1d371d1f4c1595788454008b65ee2947aa15578"}]}