{"is_source_file": false, "format": "", "description": "", "external_files": [], "external_methods": [], "published": [], "classes": [], "methods": [], "calls": [], "search-terms": [], "state": 2, "file_id": 3, "knowledge_revision": 37, "git_revision": "a1d371d1f4c1595788454008b65ee2947aa15578", "ctags": [], "hash": "db487c783c94151f4d6fa73ce31d84ab", "format-version": 4, "code-base-name": "django_backend", "filename": "django_backend/config/__init__.py", "revision_history": [{"37": "a1d371d1f4c1595788454008b65ee2947aa15578"}]}