{"is_source_file": true, "format": "Python", "description": "This file contains Django view functions for handling product display, search, and detail pages in the e-commerce platform, including rendering templates and querying the database.", "external_files": ["catalog.models", "reviews.forms", "reviews.services", "django.db.models", "django.http", "django.shortcuts", "django.views.decorators.http"], "external_methods": ["Product.objects.all", "Product.objects.filter", "Product.objects.none", "get_object_or_404", "render", "Q", "user_can_review_product"], "published": ["home_view", "search_view", "product_detail_view"], "classes": [], "methods": [{"name": "HttpResponse home_view(request: HttpRequest)", "description": "Handles the home page by listing all products ordered by newest first.", "scope": "", "scopeKind": ""}, {"name": "HttpResponse search_view(request: HttpRequest)", "description": "Processes product search queries based on the 'q' parameter, returning matching products.", "scope": "", "scopeKind": ""}, {"name": "HttpResponse product_detail_view(request: HttpRequest, product_id: int)", "description": "Displays detailed information about a specific product, including reviews, and checks if the user can submit a review.", "scope": "", "scopeKind": ""}], "calls": ["Product.objects.all", "Product.objects.filter", "Product.objects.none", "get_object_or_404", "render", "user_can_review_product"], "search-terms": ["views.py", "Django views", "product listing", "search", "product detail", "reviews", "cart", "rendering templates"], "state": 2, "file_id": 21, "knowledge_revision": 84, "git_revision": "a1d371d1f4c1595788454008b65ee2947aa15578", "ctags": [{"_type": "tag", "name": "home_view", "path": "/home/kavia/workspace/code-generation/e-commerce-platform-313668-313677/django_backend/catalog/views.py", "pattern": "/^def home_view(request: HttpRequest) -> HttpResponse:$/", "language": "Python", "typeref": "typename:HttpResponse", "kind": "function", "signature": "(request: HttpRequest)"}, {"_type": "tag", "name": "product_detail_view", "path": "/home/kavia/workspace/code-generation/e-commerce-platform-313668-313677/django_backend/catalog/views.py", "pattern": "/^def product_detail_view(request: HttpRequest, product_id: int) -> HttpResponse:$/", "language": "Python", "typeref": "typename:HttpResponse", "kind": "function", "signature": "(request: HttpRequest, product_id: int)"}, {"_type": "tag", "name": "search_view", "path": "/home/kavia/workspace/code-generation/e-commerce-platform-313668-313677/django_backend/catalog/views.py", "pattern": "/^def search_view(request: HttpRequest) -> HttpResponse:$/", "language": "Python", "typeref": "typename:HttpResponse", "kind": "function", "signature": "(request: HttpRequest)"}], "hash": "98e3e3e5935297bcd2ea8c167494409e", "format-version": 4, "code-base-name": "django_backend", "filename": "django_backend/catalog/views.py", "revision_history": [{"84": "a1d371d1f4c1595788454008b65ee2947aa15578"}]}