{"is_source_file": true, "format": "Python", "description": "Django models module defining Product and ProductFeature classes for an e-commerce platform's catalog app.", "external_files": ["django.db.models"], "external_methods": ["models.CharField", "models.DecimalField", "models.ImageField", "models.DateTimeField", "models.ForeignKey"], "published": ["Product", "ProductFeature"], "classes": [{"name": "Product", "description": "Model representing a product with name, price, image, and timestamp fields."}, {"name": "ProductFeature", "description": "Model representing key features associated with a product."}], "methods": [{"name": "str __str__(self)", "description": "String representation of the object, returning the product's name for Product and a feature description for ProductFeature.", "scope": "ProductFeature", "scopeKind": "class"}], "calls": ["models.CharField", "models.DecimalField", "models.ImageField", "models.DateTimeField", "models.ForeignKey"], "search-terms": ["Product", "ProductFeature", "django.models", "e-commerce catalog", "models.py"], "state": 2, "file_id": 20, "knowledge_revision": 83, "git_revision": "a1d371d1f4c1595788454008b65ee2947aa15578", "ctags": [{"_type": "tag", "name": "Product", "path": "/home/kavia/workspace/code-generation/e-commerce-platform-313668-313677/django_backend/catalog/models.py", "pattern": "/^class Product(models.Model):$/", "language": "Python", "kind": "class"}, {"_type": "tag", "name": "ProductFeature", "path": "/home/kavia/workspace/code-generation/e-commerce-platform-313668-313677/django_backend/catalog/models.py", "pattern": "/^class ProductFeature(models.Model):$/", "language": "Python", "kind": "class"}, {"_type": "tag", "name": "__str__", "path": "/home/kavia/workspace/code-generation/e-commerce-platform-313668-313677/django_backend/catalog/models.py", "pattern": "/^    def __str__(self) -> str:$/", "language": "Python", "typeref": "typename:str", "kind": "member", "signature": "(self)", "scope": "Product", "scopeKind": "class"}, {"_type": "tag", "name": "__str__", "path": "/home/kavia/workspace/code-generation/e-commerce-platform-313668-313677/django_backend/catalog/models.py", "pattern": "/^    def __str__(self) -> str:$/", "language": "Python", "typeref": "typename:str", "kind": "member", "signature": "(self)", "scope": "ProductFeature", "scopeKind": "class"}, {"_type": "tag", "name": "created_at", "path": "/home/kavia/workspace/code-generation/e-commerce-platform-313668-313677/django_backend/catalog/models.py", "pattern": "/^    created_at = models.DateTimeField(auto_now_add=True)  # optional (architecture allows)$/", "language": "Python", "kind": "variable", "scope": "Product", "scopeKind": "class"}, {"_type": "tag", "name": "image", "path": "/home/kavia/workspace/code-generation/e-commerce-platform-313668-313677/django_backend/catalog/models.py", "pattern": "/^    image = models.ImageField(upload_to=\"products\\/\")$/", "language": "Python", "kind": "variable", "scope": "Product", "scopeKind": "class"}, {"_type": "tag", "name": "name", "path": "/home/kavia/workspace/code-generation/e-commerce-platform-313668-313677/django_backend/catalog/models.py", "pattern": "/^    name = models.CharField(max_length=255)$/", "language": "Python", "kind": "variable", "scope": "Product", "scopeKind": "class"}, {"_type": "tag", "name": "price", "path": "/home/kavia/workspace/code-generation/e-commerce-platform-313668-313677/django_backend/catalog/models.py", "pattern": "/^    price = models.DecimalField(max_digits=10, decimal_places=2)$/", "language": "Python", "kind": "variable", "scope": "Product", "scopeKind": "class"}, {"_type": "tag", "name": "product", "path": "/home/kavia/workspace/code-generation/e-commerce-platform-313668-313677/django_backend/catalog/models.py", "pattern": "/^    product = models.ForeignKey(Product, on_delete=models.CASCADE, related_name=\"features\")$/", "language": "Python", "kind": "variable", "scope": "ProductFeature", "scopeKind": "class"}, {"_type": "tag", "name": "text", "path": "/home/kavia/workspace/code-generation/e-commerce-platform-313668-313677/django_backend/catalog/models.py", "pattern": "/^    text = models.TextField()$/", "language": "Python", "kind": "variable", "scope": "ProductFeature", "scopeKind": "class"}, {"_type": "tag", "name": "updated_at", "path": "/home/kavia/workspace/code-generation/e-commerce-platform-313668-313677/django_backend/catalog/models.py", "pattern": "/^    updated_at = models.DateTimeField(auto_now=True)  # optional (architecture allows)$/", "language": "Python", "kind": "variable", "scope": "Product", "scopeKind": "class"}], "hash": "6431c44df5732aaaa788f5eb205097e8", "format-version": 4, "code-base-name": "django_backend", "filename": "django_backend/catalog/models.py", "fields": [{"name": "created_at = models.DateTimeField(auto_now_add=True)  # optional (architecture allows)", "scope": "Product", "scopeKind": "class", "description": "unavailable"}, {"name": "image = models.ImageField(upload_to=\"products\\/\")", "scope": "Product", "scopeKind": "class", "description": "unavailable"}, {"name": "name = models.CharField(max_length=255)", "scope": "Product", "scopeKind": "class", "description": "unavailable"}, {"name": "price = models.DecimalField(max_digits=10, decimal_places=2)", "scope": "Product", "scopeKind": "class", "description": "unavailable"}, {"name": "product = models.ForeignKey(Product, on_delete=models.CASCADE, related_name=\"features\")", "scope": "ProductFeature", "scopeKind": "class", "description": "unavailable"}, {"name": "text = models.TextField()", "scope": "ProductFeature", "scopeKind": "class", "description": "unavailable"}, {"name": "updated_at = models.DateTimeField(auto_now=True)  # optional (architecture allows)", "scope": "Product", "scopeKind": "class", "description": "unavailable"}], "revision_history": [{"83": "a1d371d1f4c1595788454008b65ee2947aa15578"}]}