{"is_source_file": true, "format": "Python", "description": "This file defines views for user account management in a Django web application, including registration, login, logout, and password change functionalities.", "external_files": ["django.contrib", "django.contrib.auth", "django.contrib.auth.views", "django.http", "django.shortcuts", "django.urls", "accounts.forms"], "external_methods": ["django.contrib.messages.success", "django.contrib.auth.login", "django.contrib.auth.views.PasswordChangeView", "django.shortcuts.redirect", "django.shortcuts.render", "django.urls.reverse_lazy", "django.views.decorators.http.require_http_methods", "django.views.decorators.http.require_POST", "accounts.forms.LoginForm", "accounts.forms.RegisterForm"], "published": ["register_view", "login_view", "logout_view", "PasswordChange"], "classes": [{"name": "PasswordChange", "description": "A Django class-based view for handling password change, extending PasswordChangeView with custom template and success URL."}], "methods": [{"name": "HttpResponse register_view(request: HttpRequest)", "description": "Handles user registration; presents registration form, creates a new user on POST.", "scope": "", "scopeKind": ""}, {"name": "HttpResponse login_view(request: HttpRequest)", "description": "Handles user login; presents login form, authenticates and logs in user upon POST.", "scope": "", "scopeKind": ""}, {"name": "HttpResponse logout_view(request: HttpRequest)", "description": "Logs out the current user.", "scope": "", "scopeKind": ""}, {"name": "PasswordChange.form_valid", "description": "Overrides the form_valid method to display success message after password is changed."}, {"name": "form_valid(self, form)", "scope": "PasswordChange", "scopeKind": "class", "description": "unavailable"}], "calls": ["messages.success", "redirect", "render", "login", "logout", "super().form_valid"], "search-terms": ["views.py", "accounts", "user authentication", "register", "login", "logout", "password change", "Django views"], "state": 2, "file_id": 13, "knowledge_revision": 76, "git_revision": "a1d371d1f4c1595788454008b65ee2947aa15578", "ctags": [{"_type": "tag", "name": "PasswordChange", "path": "/home/kavia/workspace/code-generation/e-commerce-platform-313668-313677/django_backend/accounts/views.py", "pattern": "/^class PasswordChange(PasswordChangeView):$/", "language": "Python", "kind": "class"}, {"_type": "tag", "name": "form_valid", "path": "/home/kavia/workspace/code-generation/e-commerce-platform-313668-313677/django_backend/accounts/views.py", "pattern": "/^    def form_valid(self, form):$/", "language": "Python", "kind": "member", "signature": "(self, form)", "scope": "PasswordChange", "scopeKind": "class"}, {"_type": "tag", "name": "login_view", "path": "/home/kavia/workspace/code-generation/e-commerce-platform-313668-313677/django_backend/accounts/views.py", "pattern": "/^def login_view(request: HttpRequest) -> HttpResponse:$/", "language": "Python", "typeref": "typename:HttpResponse", "kind": "function", "signature": "(request: HttpRequest)"}, {"_type": "tag", "name": "logout_view", "path": "/home/kavia/workspace/code-generation/e-commerce-platform-313668-313677/django_backend/accounts/views.py", "pattern": "/^def logout_view(request: HttpRequest) -> HttpResponse:$/", "language": "Python", "typeref": "typename:HttpResponse", "kind": "function", "signature": "(request: HttpRequest)"}, {"_type": "tag", "name": "register_view", "path": "/home/kavia/workspace/code-generation/e-commerce-platform-313668-313677/django_backend/accounts/views.py", "pattern": "/^def register_view(request: HttpRequest) -> HttpResponse:$/", "language": "Python", "typeref": "typename:HttpResponse", "kind": "function", "signature": "(request: HttpRequest)"}, {"_type": "tag", "name": "success_url", "path": "/home/kavia/workspace/code-generation/e-commerce-platform-313668-313677/django_backend/accounts/views.py", "pattern": "/^    success_url = reverse_lazy(\"catalog:home\")$/", "language": "Python", "kind": "variable", "scope": "PasswordChange", "scopeKind": "class"}, {"_type": "tag", "name": "template_name", "path": "/home/kavia/workspace/code-generation/e-commerce-platform-313668-313677/django_backend/accounts/views.py", "pattern": "/^    template_name = \"accounts\\/password_change.html\"$/", "language": "Python", "kind": "variable", "scope": "PasswordChange", "scopeKind": "class"}], "hash": "e35ee3e4cc063698d1c2dd7fa822d2ef", "format-version": 4, "code-base-name": "django_backend", "filename": "django_backend/accounts/views.py", "fields": [{"name": "success_url = reverse_lazy(\"catalog:home\")", "scope": "PasswordChange", "scopeKind": "class", "description": "unavailable"}, {"name": "template_name = \"accounts\\/password_change.html\"", "scope": "PasswordChange", "scopeKind": "class", "description": "unavailable"}], "revision_history": [{"76": "a1d371d1f4c1595788454008b65ee2947aa15578"}]}