{"is_source_file": true, "format": "Python", "description": "Defines Django ORM models for shopping cart functionality, including Cart and CartItem models, with constraints and string representations.", "external_files": ["django.conf", "django.db", "django.db.models", "catalog.Product"], "external_methods": ["settings.AUTH_USER_MODEL", "models.OneToOneField", "models.DateTimeField", "models.ForeignKey", "models.PositiveIntegerField", "UniqueConstraint"], "published": ["Cart", "CartItem"], "classes": [{"name": "Cart", "description": "Represents a shopping cart associated with a logged-in user, persisted in the database."}, {"name": "CartItem", "description": "Represents an individual item within a cart, linking to a specific product."}], "methods": [{"name": "str __str__(self)", "description": "Returns a string representation of the Cart object, showing the username.", "scope": "CartItem", "scopeKind": "class"}, {"name": "__str__", "description": "Returns a string representation of the CartItem object, including IDs and quantity."}], "calls": ["settings.AUTH_USER_MODEL", "models.OneToOneField", "models.DateTimeField", "models.ForeignKey", "models.PositiveIntegerField"], "search-terms": ["Cart", "CartItem", "django models", "shopping cart", "cart constraints", "cart related_name"], "state": 2, "file_id": 35, "knowledge_revision": 98, "git_revision": "a1d371d1f4c1595788454008b65ee2947aa15578", "ctags": [{"_type": "tag", "name": "Cart", "path": "/home/kavia/workspace/code-generation/e-commerce-platform-313668-313677/django_backend/cart/models.py", "pattern": "/^class Cart(models.Model):$/", "language": "Python", "kind": "class"}, {"_type": "tag", "name": "CartItem", "path": "/home/kavia/workspace/code-generation/e-commerce-platform-313668-313677/django_backend/cart/models.py", "pattern": "/^class CartItem(models.Model):$/", "language": "Python", "kind": "class"}, {"_type": "tag", "name": "Meta", "path": "/home/kavia/workspace/code-generation/e-commerce-platform-313668-313677/django_backend/cart/models.py", "pattern": "/^    class Meta:$/", "language": "Python", "kind": "class", "scope": "CartItem", "scopeKind": "class"}, {"_type": "tag", "name": "__str__", "path": "/home/kavia/workspace/code-generation/e-commerce-platform-313668-313677/django_backend/cart/models.py", "pattern": "/^    def __str__(self) -> str:$/", "language": "Python", "typeref": "typename:str", "kind": "member", "signature": "(self)", "scope": "Cart", "scopeKind": "class"}, {"_type": "tag", "name": "__str__", "path": "/home/kavia/workspace/code-generation/e-commerce-platform-313668-313677/django_backend/cart/models.py", "pattern": "/^    def __str__(self) -> str:$/", "language": "Python", "typeref": "typename:str", "kind": "member", "signature": "(self)", "scope": "CartItem", "scopeKind": "class"}, {"_type": "tag", "name": "cart", "path": "/home/kavia/workspace/code-generation/e-commerce-platform-313668-313677/django_backend/cart/models.py", "pattern": "/^    cart = models.ForeignKey(Cart, on_delete=models.CASCADE, related_name=\"items\")$/", "language": "Python", "kind": "variable", "scope": "CartItem", "scopeKind": "class"}, {"_type": "tag", "name": "constraints", "path": "/home/kavia/workspace/code-generation/e-commerce-platform-313668-313677/django_backend/cart/models.py", "pattern": "/^        constraints = [UniqueConstraint(fields=[\"cart\", \"product\"], name=\"uniq_cart_product\")]$/", "language": "Python", "kind": "variable", "scope": "CartItem.Meta", "scopeKind": "class"}, {"_type": "tag", "name": "created_at", "path": "/home/kavia/workspace/code-generation/e-commerce-platform-313668-313677/django_backend/cart/models.py", "pattern": "/^    created_at = models.DateTimeField(auto_now_add=True)  # optional per architecture$/", "language": "Python", "kind": "variable", "scope": "Cart", "scopeKind": "class"}, {"_type": "tag", "name": "product", "path": "/home/kavia/workspace/code-generation/e-commerce-platform-313668-313677/django_backend/cart/models.py", "pattern": "/^    product = models.ForeignKey(\"catalog.Product\", on_delete=models.CASCADE, related_name=\"cart_/", "language": "Python", "kind": "variable", "scope": "CartItem", "scopeKind": "class"}, {"_type": "tag", "name": "quantity", "path": "/home/kavia/workspace/code-generation/e-commerce-platform-313668-313677/django_backend/cart/models.py", "pattern": "/^    quantity = models.PositiveIntegerField(default=1)$/", "language": "Python", "kind": "variable", "scope": "CartItem", "scopeKind": "class"}, {"_type": "tag", "name": "updated_at", "path": "/home/kavia/workspace/code-generation/e-commerce-platform-313668-313677/django_backend/cart/models.py", "pattern": "/^    updated_at = models.DateTimeField(auto_now=True)  # optional per architecture$/", "language": "Python", "kind": "variable", "scope": "Cart", "scopeKind": "class"}, {"_type": "tag", "name": "user", "path": "/home/kavia/workspace/code-generation/e-commerce-platform-313668-313677/django_backend/cart/models.py", "pattern": "/^    user = models.OneToOneField(settings.AUTH_USER_MODEL, on_delete=models.CASCADE, related_name/", "language": "Python", "kind": "variable", "scope": "Cart", "scopeKind": "class"}], "hash": "f23f9f9127dc8ca13835e7823b49b918", "format-version": 4, "code-base-name": "django_backend", "filename": "django_backend/cart/models.py", "fields": [{"name": "cart = models.ForeignKey(Cart, on_delete=models.CASCADE, related_name=\"items\")", "scope": "CartItem", "scopeKind": "class", "description": "unavailable"}, {"name": "constraints = [UniqueConstraint(fields=[\"cart\", \"product\"], name=\"uniq_cart_product\")]", "scope": "CartItem.Meta", "scopeKind": "class", "description": "unavailable"}, {"name": "created_at = models.DateTimeField(auto_now_add=True)  # optional per architecture", "scope": "Cart", "scopeKind": "class", "description": "unavailable"}, {"name": "product = models.ForeignKey(\"catalog.Product\", on_delete=models.CASCADE, related_name=\"cart_/", "scope": "CartItem", "scopeKind": "class", "description": "unavailable"}, {"name": "quantity = models.PositiveIntegerField(default=1)", "scope": "CartItem", "scopeKind": "class", "description": "unavailable"}, {"name": "updated_at = models.DateTimeField(auto_now=True)  # optional per architecture", "scope": "Cart", "scopeKind": "class", "description": "unavailable"}, {"name": "user = models.OneToOneField(settings.AUTH_USER_MODEL, on_delete=models.CASCADE, related_name/", "scope": "Cart", "scopeKind": "class", "description": "unavailable"}], "revision_history": [{"98": "a1d371d1f4c1595788454008b65ee2947aa15578"}]}