{"is_source_file": true, "format": "Python", "description": "This file defines the configuration class for the 'catalog' Django app, extending Django's AppConfig to specify default auto-field behavior and the app's name.", "external_files": ["django.apps"], "external_methods": ["django.apps.AppConfig"], "published": ["CatalogConfig"], "classes": [{"name": "CatalogConfig", "description": "A Django AppConfig subclass that specifies configuration options for the 'catalog' application."}], "methods": [{"name": "CatalogConfig.__init__", "description": "Constructor inherited from AppConfig, initializing the catalog app configuration."}], "calls": ["django.apps.AppConfig.__init__"], "search-terms": ["CatalogConfig", "AppConfig", "django_app_settings", "catalog", "django"], "state": 2, "file_id": 19, "knowledge_revision": 82, "git_revision": "a1d371d1f4c1595788454008b65ee2947aa15578", "ctags": [{"_type": "tag", "name": "CatalogConfig", "path": "/home/kavia/workspace/code-generation/e-commerce-platform-313668-313677/django_backend/catalog/apps.py", "pattern": "/^class CatalogConfig(AppConfig):$/", "language": "Python", "kind": "class"}, {"_type": "tag", "name": "default_auto_field", "path": "/home/kavia/workspace/code-generation/e-commerce-platform-313668-313677/django_backend/catalog/apps.py", "pattern": "/^    default_auto_field = \"django.db.models.BigAutoField\"$/", "language": "Python", "kind": "variable", "scope": "CatalogConfig", "scopeKind": "class"}, {"_type": "tag", "name": "name", "path": "/home/kavia/workspace/code-generation/e-commerce-platform-313668-313677/django_backend/catalog/apps.py", "pattern": "/^    name = \"catalog\"$/", "language": "Python", "kind": "variable", "scope": "CatalogConfig", "scopeKind": "class"}], "hash": "4cdbd3dfd0e98969dac7732da1aa5ee5", "format-version": 4, "code-base-name": "django_backend", "filename": "django_backend/catalog/apps.py", "fields": [{"name": "default_auto_field = \"django.db.models.BigAutoField\"", "scope": "CatalogConfig", "scopeKind": "class", "description": "unavailable"}, {"name": "name = \"catalog\"", "scope": "CatalogConfig", "scopeKind": "class", "description": "unavailable"}], "revision_history": [{"82": "a1d371d1f4c1595788454008b65ee2947aa15578"}]}