{"is_source_file": true, "format": "Python", "description": "Custom Django template tags module defining a filter to multiply two values, used in cart subtotal display.", "external_files": ["django/template/library.py"], "external_methods": ["template.Library", "register.filter"], "published": ["mul"], "classes": [], "methods": [{"name": "mul(value, arg)", "description": "A Django template filter that multiplies two values for display purposes in templates.", "scope": "", "scopeKind": ""}], "calls": ["mul"], "search-terms": ["django custom filter", "cart subtotal", "templatetags", "mul", "template.Library"], "state": 2, "file_id": 42, "knowledge_revision": 105, "git_revision": "a1d371d1f4c1595788454008b65ee2947aa15578", "ctags": [{"_type": "tag", "name": "mul", "path": "/home/kavia/workspace/code-generation/e-commerce-platform-313668-313677/django_backend/cart/templatetags/cart_extras.py", "pattern": "/^def mul(value, arg):$/", "language": "Python", "kind": "function", "signature": "(value, arg)"}, {"_type": "tag", "name": "register", "path": "/home/kavia/workspace/code-generation/e-commerce-platform-313668-313677/django_backend/cart/templatetags/cart_extras.py", "pattern": "/^register = template.Library()$/", "language": "Python", "kind": "variable"}], "hash": "c2fe2a6a2eddc963c33888349ea3e034", "format-version": 4, "code-base-name": "django_backend", "filename": "django_backend/cart/templatetags/cart_extras.py", "fields": [{"name": "register = template.Library()", "scope": "", "scopeKind": "", "description": "unavailable"}], "revision_history": [{"105": "a1d371d1f4c1595788454008b65ee2947aa15578"}]}