{"is_source_file": true, "format": "Python", "description": "The file defines URL routing for the reviews module in a Django web application, mapping URL patterns to view functions.", "external_files": ["django.urls", "reviews.views"], "external_methods": ["django.urls.path", "reviews.views.create_review"], "published": ["app_name", "urlpatterns"], "classes": [], "methods": [], "calls": ["django.urls.path", "reviews.views.create_review"], "search-terms": ["reviews URL routing", "Django URL configuration", "create_review view", "product reviews URL pattern"], "state": 2, "file_id": 32, "knowledge_revision": 95, "git_revision": "a1d371d1f4c1595788454008b65ee2947aa15578", "ctags": [{"_type": "tag", "name": "app_name", "path": "/home/kavia/workspace/code-generation/e-commerce-platform-313668-313677/django_backend/reviews/urls.py", "pattern": "/^app_name = \"reviews\"$/", "language": "Python", "kind": "variable"}, {"_type": "tag", "name": "urlpatterns", "path": "/home/kavia/workspace/code-generation/e-commerce-platform-313668-313677/django_backend/reviews/urls.py", "pattern": "/^urlpatterns = [$/", "language": "Python", "kind": "variable"}], "hash": "8f2e6f03f1d85cb5e5ec79ee1b8a81b9", "format-version": 4, "code-base-name": "django_backend", "filename": "django_backend/reviews/urls.py", "fields": [{"name": "app_name = \"reviews\"", "scope": "", "scopeKind": "", "description": "unavailable"}, {"name": "urlpatterns = [", "scope": "", "scopeKind": "", "description": "unavailable"}], "revision_history": [{"95": "a1d371d1f4c1595788454008b65ee2947aa15578"}]}