{"is_source_file": true, "format": "Python", "description": "Django application configuration for the 'accounts' app, defining the AppConfig subclass with default auto field and app name.", "external_files": ["django/apps"], "external_methods": [], "published": ["accounts.apps.AccountsConfig"], "classes": [{"name": "AccountsConfig", "description": "Subclass of Django's AppConfig to configure the 'accounts' application."}], "methods": [], "calls": [], "search-terms": ["AccountsConfig", "AppConfig", "accounts"], "state": 2, "file_id": 10, "knowledge_revision": 73, "git_revision": "a1d371d1f4c1595788454008b65ee2947aa15578", "ctags": [{"_type": "tag", "name": "AccountsConfig", "path": "/home/kavia/workspace/code-generation/e-commerce-platform-313668-313677/django_backend/accounts/apps.py", "pattern": "/^class AccountsConfig(AppConfig):$/", "language": "Python", "kind": "class"}, {"_type": "tag", "name": "default_auto_field", "path": "/home/kavia/workspace/code-generation/e-commerce-platform-313668-313677/django_backend/accounts/apps.py", "pattern": "/^    default_auto_field = \"django.db.models.BigAutoField\"$/", "language": "Python", "kind": "variable", "scope": "AccountsConfig", "scopeKind": "class"}, {"_type": "tag", "name": "name", "path": "/home/kavia/workspace/code-generation/e-commerce-platform-313668-313677/django_backend/accounts/apps.py", "pattern": "/^    name = \"accounts\"$/", "language": "Python", "kind": "variable", "scope": "AccountsConfig", "scopeKind": "class"}], "hash": "c5d664e94cff62cf1ba50dcf76ec3f57", "format-version": 4, "code-base-name": "django_backend", "filename": "django_backend/accounts/apps.py", "fields": [{"name": "default_auto_field = \"django.db.models.BigAutoField\"", "scope": "AccountsConfig", "scopeKind": "class", "description": "unavailable"}, {"name": "name = \"accounts\"", "scope": "AccountsConfig", "scopeKind": "class", "description": "unavailable"}], "revision_history": [{"73": "a1d371d1f4c1595788454008b65ee2947aa15578"}]}