{"is_source_file": true, "format": "Python", "description": "This file contains Django view functions for handling order checkout and order tracking functionalities in an e-commerce platform. It defines two main views: checkout_view for processing new orders and track_order_view for retrieving existing order details based on an Order ID.", "external_files": ["cart.models", "orders.forms", "orders.models", "orders.services"], "external_methods": ["messages.error", "messages.success", "CartItem.objects.select_related", "CheckoutForm", "TrackOrderForm", "create_order_from_cart", "Order.objects.prefetch_related", "Order.objects.select_related", "Order.objects.get", "render"], "published": ["checkout_view", "track_order_view"], "classes": [], "methods": [{"name": "HttpResponse checkout_view(request: HttpRequest)", "description": "Handles the checkout process including form validation, order creation, and rendering the success or error pages.", "scope": "", "scopeKind": ""}, {"name": "HttpResponse track_order_view(request: HttpRequest)", "description": "Allows users to input an Order ID to retrieve and view the details of an existing order without requiring login.", "scope": "", "scopeKind": ""}], "calls": ["messages.error", "messages.success", "CartItem.objects.select_related", "create_order_from_cart", "Order.objects.prefetch_related", "Order.objects.select_related", "Order.objects.get", "render"], "search-terms": ["checkout_view", "track_order_view", "create_order_from_cart", "Order", "CartItem", "Tracking"], "state": 2, "file_id": 47, "knowledge_revision": 110, "git_revision": "a1d371d1f4c1595788454008b65ee2947aa15578", "ctags": [{"_type": "tag", "name": "checkout_view", "path": "/home/kavia/workspace/code-generation/e-commerce-platform-313668-313677/django_backend/orders/views.py", "pattern": "/^def checkout_view(request: HttpRequest) -> HttpResponse:$/", "language": "Python", "typeref": "typename:HttpResponse", "kind": "function", "signature": "(request: HttpRequest)"}, {"_type": "tag", "name": "track_order_view", "path": "/home/kavia/workspace/code-generation/e-commerce-platform-313668-313677/django_backend/orders/views.py", "pattern": "/^def track_order_view(request: HttpRequest) -> HttpResponse:$/", "language": "Python", "typeref": "typename:HttpResponse", "kind": "function", "signature": "(request: HttpRequest)"}], "hash": "f42c5eaa0fed8e0baf080bcae46bcb65", "format-version": 4, "code-base-name": "django_backend", "filename": "django_backend/orders/views.py", "revision_history": [{"110": "a1d371d1f4c1595788454008b65ee2947aa15578"}]}