{"is_source_file": true, "format": "Python", "description": "This is a Django URL configuration file defining URL routes for various application modules such as catalog, accounts, cart, orders, contact, and reviews. It also includes static media handling for development mode.", "external_files": ["django.conf", "django.conf.urls.static", "django.contrib", "django.urls"], "external_methods": ["admin.site.urls", "include", "path", "static"], "published": ["urlpatterns"], "classes": [], "methods": [{"name": "admin.site.urls", "description": "Provides URL patterns for Django admin interface."}, {"name": "include", "description": "Function to include other URL configurations."}, {"name": "path", "description": "Function to define route paths."}, {"name": "static", "description": "Utility to serve static and media files during development."}], "calls": ["path", "include", "static"], "search-terms": ["Django URL configuration", "urlpatterns", "admin", "include", "media"], "state": 2, "file_id": 6, "knowledge_revision": 68, "git_revision": "a1d371d1f4c1595788454008b65ee2947aa15578", "ctags": [{"_type": "tag", "name": "urlpatterns", "path": "/home/kavia/workspace/code-generation/e-commerce-platform-313668-313677/django_backend/config/urls.py", "pattern": "/^urlpatterns = [$/", "language": "Python", "kind": "variable"}], "hash": "7f8859e94566b2664a1cf3c7abf3b67e", "format-version": 4, "code-base-name": "django_backend", "filename": "django_backend/config/urls.py", "fields": [{"name": "urlpatterns = [", "scope": "", "scopeKind": "", "description": "unavailable"}], "revision_history": [{"68": "a1d371d1f4c1595788454008b65ee2947aa15578"}]}