{"is_source_file": true, "file_id": 4, "git_revision": "", "state": 1, "description": "", "external_files": [], "external_methods": [], "published": [], "classes": [], "methods": [], "calls": [], "search-terms": [], "ctags": [{"_type": "tag", "name": "application", "path": "/home/kavia/workspace/code-generation/e-commerce-platform-313668-313677/django_backend/config/asgi.py", "pattern": "/^application = get_asgi_application()$/", "language": "Python", "kind": "variable"}], "format": "Python", "hash": "07c0b76a675d243a4aa6cbcd5eccba4f", "format-version": 4, "code-base-name": "django_backend", "filename": "django_backend/config/asgi.py", "knowledge_revision": 7}