{"is_source_file": true, "format": "Python", "description": "This file contains Django view functions handling contact form submissions for both authenticated and guest users. It manages form rendering, validation, saving data, and user feedback messages.", "external_files": ["django.contrib", "django.contrib.auth.decorators", "django.http", "django.shortcuts", "django.views.decorators.http", "contact.forms"], "external_methods": ["messages.success", "redirect", "render", "require_http_methods", "login_required"], "published": ["contact_entrypoint", "contact_logged_in", "contact_guest"], "classes": [], "methods": [{"name": "HttpResponse contact_entrypoint(request: HttpRequest)", "description": "Handles incoming requests to the contact page, directing authenticated users to the logged-in form or guests to the guest form.", "scope": "", "scopeKind": ""}, {"name": "HttpResponse contact_logged_in(request: HttpRequest)", "description": "Processes and handles submission of the logged-in user contact form, saving the message with user association.", "scope": "", "scopeKind": ""}, {"name": "HttpResponse contact_guest(request: HttpRequest)", "description": "Processes and handles submission of the guest contact form, saving the message without user authentication.", "scope": "", "scopeKind": ""}], "calls": ["messages.success", "redirect", "render", "contact_logged_in", "contact_guest"], "search-terms": ["contact view functions", "guest contact form", "logged-in contact form", "django contact page", "contact form handling"], "state": 2, "file_id": 56, "knowledge_revision": 119, "git_revision": "a1d371d1f4c1595788454008b65ee2947aa15578", "ctags": [{"_type": "tag", "name": "contact_entrypoint", "path": "/home/kavia/workspace/code-generation/e-commerce-platform-313668-313677/django_backend/contact/views.py", "pattern": "/^def contact_entrypoint(request: HttpRequest) -> HttpResponse:$/", "language": "Python", "typeref": "typename:HttpResponse", "kind": "function", "signature": "(request: HttpRequest)"}, {"_type": "tag", "name": "contact_guest", "path": "/home/kavia/workspace/code-generation/e-commerce-platform-313668-313677/django_backend/contact/views.py", "pattern": "/^def contact_guest(request: HttpRequest) -> HttpResponse:$/", "language": "Python", "typeref": "typename:HttpResponse", "kind": "function", "signature": "(request: HttpRequest)"}, {"_type": "tag", "name": "contact_logged_in", "path": "/home/kavia/workspace/code-generation/e-commerce-platform-313668-313677/django_backend/contact/views.py", "pattern": "/^def contact_logged_in(request: HttpRequest) -> HttpResponse:$/", "language": "Python", "typeref": "typename:HttpResponse", "kind": "function", "signature": "(request: HttpRequest)"}], "hash": "75c4a73ee65f54a4de6b357fa53d0caf", "format-version": 4, "code-base-name": "django_backend", "filename": "django_backend/contact/views.py", "revision_history": [{"119": "a1d371d1f4c1595788454008b65ee2947aa15578"}]}