{"is_source_file": true, "format": "Python", "description": "This file defines Django form classes for user registration and login within an e-commerce platform's backend, including custom fields and user profile creation logic.", "external_files": ["django", "django.contrib.auth.forms", "django.contrib.auth.models", "accounts.models"], "external_methods": ["django.contrib.auth.forms.AuthenticationForm", "django.contrib.auth.forms.UserCreationForm", "django.contrib.auth.models.User", "accounts.models.CustomerProfile.objects.update_or_create"], "published": ["RegisterForm", "LoginForm"], "classes": [{"name": "RegisterForm", "description": "A user registration form extending Django's UserCreationForm, with additional optional fields for email, full name, and phone number, and overrides the save method to create both User and CustomerProfile instances."}, {"name": "LoginForm", "description": "A login form extending Django's AuthenticationForm with a customized username field that autofocuses."}], "methods": [{"name": "save(self, commit: bool = True)", "description": "Creates and saves a new User instance. If commit is True, also creates or updates a CustomerProfile linked to the user, using additional data from the form.", "scope": "RegisterForm", "scopeKind": "class"}], "calls": ["super().save", "CustomerProfile.objects.update_or_create"], "search-terms": ["Django forms", "UserCreationForm", "CustomerProfile", "registration form", "login form", "custom user fields", "user profile creation"], "state": 2, "file_id": 12, "knowledge_revision": 75, "git_revision": "a1d371d1f4c1595788454008b65ee2947aa15578", "ctags": [{"_type": "tag", "name": "LoginForm", "path": "/home/kavia/workspace/code-generation/e-commerce-platform-313668-313677/django_backend/accounts/forms.py", "pattern": "/^class LoginForm(AuthenticationForm):$/", "language": "Python", "kind": "class"}, {"_type": "tag", "name": "Meta", "path": "/home/kavia/workspace/code-generation/e-commerce-platform-313668-313677/django_backend/accounts/forms.py", "pattern": "/^    class Meta(UserCreationForm.Meta):$/", "language": "Python", "kind": "class", "scope": "RegisterForm", "scopeKind": "class"}, {"_type": "tag", "name": "RegisterForm", "path": "/home/kavia/workspace/code-generation/e-commerce-platform-313668-313677/django_backend/accounts/forms.py", "pattern": "/^class RegisterForm(UserCreationForm):$/", "language": "Python", "kind": "class"}, {"_type": "tag", "name": "email", "path": "/home/kavia/workspace/code-generation/e-commerce-platform-313668-313677/django_backend/accounts/forms.py", "pattern": "/^    email = forms.EmailField(required=False)$/", "language": "Python", "kind": "variable", "scope": "RegisterForm", "scopeKind": "class"}, {"_type": "tag", "name": "fields", "path": "/home/kavia/workspace/code-generation/e-commerce-platform-313668-313677/django_backend/accounts/forms.py", "pattern": "/^        fields = (\"username\", \"email\", \"full_name\", \"phone_number\", \"password1\", \"password2\")$/", "language": "Python", "kind": "variable", "scope": "RegisterForm.Meta", "scopeKind": "class"}, {"_type": "tag", "name": "full_name", "path": "/home/kavia/workspace/code-generation/e-commerce-platform-313668-313677/django_backend/accounts/forms.py", "pattern": "/^    full_name = forms.CharField(required=False, max_length=200)$/", "language": "Python", "kind": "variable", "scope": "RegisterForm", "scopeKind": "class"}, {"_type": "tag", "name": "model", "path": "/home/kavia/workspace/code-generation/e-commerce-platform-313668-313677/django_backend/accounts/forms.py", "pattern": "/^        model = User$/", "language": "Python", "kind": "variable", "scope": "RegisterForm.Meta", "scopeKind": "class"}, {"_type": "tag", "name": "phone_number", "path": "/home/kavia/workspace/code-generation/e-commerce-platform-313668-313677/django_backend/accounts/forms.py", "pattern": "/^    phone_number = forms.CharField(required=False, max_length=30)$/", "language": "Python", "kind": "variable", "scope": "RegisterForm", "scopeKind": "class"}, {"_type": "tag", "name": "save", "path": "/home/kavia/workspace/code-generation/e-commerce-platform-313668-313677/django_backend/accounts/forms.py", "pattern": "/^    def save(self, commit: bool = True):$/", "language": "Python", "kind": "member", "signature": "(self, commit: bool = True)", "scope": "RegisterForm", "scopeKind": "class"}, {"_type": "tag", "name": "username", "path": "/home/kavia/workspace/code-generation/e-commerce-platform-313668-313677/django_backend/accounts/forms.py", "pattern": "/^    username = forms.CharField(widget=forms.TextInput(attrs={\"autofocus\": True}))$/", "language": "Python", "kind": "variable", "scope": "LoginForm", "scopeKind": "class"}], "hash": "f5e69a95919c608aa6c28ce630140509", "format-version": 4, "code-base-name": "django_backend", "filename": "django_backend/accounts/forms.py", "fields": [{"name": "email = forms.EmailField(required=False)", "scope": "RegisterForm", "scopeKind": "class", "description": "unavailable"}, {"name": "fields = (\"username\", \"email\", \"full_name\", \"phone_number\", \"password1\", \"password2\")", "scope": "RegisterForm.Meta", "scopeKind": "class", "description": "unavailable"}, {"name": "full_name = forms.CharField(required=False, max_length=200)", "scope": "RegisterForm", "scopeKind": "class", "description": "unavailable"}, {"name": "model = User", "scope": "RegisterForm.Meta", "scopeKind": "class", "description": "unavailable"}, {"name": "phone_number = forms.CharField(required=False, max_length=30)", "scope": "RegisterForm", "scopeKind": "class", "description": "unavailable"}, {"name": "username = forms.CharField(widget=forms.TextInput(attrs={\"autofocus\": True}))", "scope": "LoginForm", "scopeKind": "class", "description": "unavailable"}], "revision_history": [{"75": "a1d371d1f4c1595788454008b65ee2947aa15578"}]}