{"is_source_file": true, "format": "Python", "description": "Django admin configuration for Product and ProductFeature models, defining admin interfaces and inlines.", "external_files": ["django.contrib.admin", "catalog.models"], "external_methods": [], "published": ["ProductAdmin", "ProductFeatureAdmin"], "classes": [{"name": "ProductFeatureInline", "description": "Inline admin interface for editing ProductFeature instances related to a Product."}, {"name": "ProductAdmin", "description": "Admin interface configuration for Product model."}, {"name": "ProductFeatureAdmin", "description": "Admin interface configuration for ProductFeature model."}], "methods": [{"name": "ProductFeatureInline", "description": "Defines inline admin interface for ProductFeature model."}, {"name": "ProductAdmin", "description": "Registers admin interface for Product model with specified list display, search fields, and inlines."}, {"name": "ProductFeatureAdmin", "description": "Registers admin interface for ProductFeature model with specified list display and search fields."}], "calls": ["admin.TabularInline", "admin.register"], "search-terms": ["ProductAdmin", "ProductFeatureAdmin", "admin", "django.contrib.admin", "Product", "ProductFeature", "catalog.models"], "state": 2, "file_id": 23, "knowledge_revision": 86, "git_revision": "a1d371d1f4c1595788454008b65ee2947aa15578", "ctags": [{"_type": "tag", "name": "ProductAdmin", "path": "/home/kavia/workspace/code-generation/e-commerce-platform-313668-313677/django_backend/catalog/admin.py", "pattern": "/^class ProductAdmin(admin.ModelAdmin):$/", "language": "Python", "kind": "class"}, {"_type": "tag", "name": "ProductFeatureAdmin", "path": "/home/kavia/workspace/code-generation/e-commerce-platform-313668-313677/django_backend/catalog/admin.py", "pattern": "/^class ProductFeatureAdmin(admin.ModelAdmin):$/", "language": "Python", "kind": "class"}, {"_type": "tag", "name": "ProductFeatureInline", "path": "/home/kavia/workspace/code-generation/e-commerce-platform-313668-313677/django_backend/catalog/admin.py", "pattern": "/^class ProductFeatureInline(admin.TabularInline):$/", "language": "Python", "kind": "class"}, {"_type": "tag", "name": "extra", "path": "/home/kavia/workspace/code-generation/e-commerce-platform-313668-313677/django_backend/catalog/admin.py", "pattern": "/^    extra = 1$/", "language": "Python", "kind": "variable", "scope": "ProductFeatureInline", "scopeKind": "class"}, {"_type": "tag", "name": "inlines", "path": "/home/kavia/workspace/code-generation/e-commerce-platform-313668-313677/django_backend/catalog/admin.py", "pattern": "/^    inlines = [ProductFeatureInline]$/", "language": "Python", "kind": "variable", "scope": "ProductAdmin", "scopeKind": "class"}, {"_type": "tag", "name": "list_display", "path": "/home/kavia/workspace/code-generation/e-commerce-platform-313668-313677/django_backend/catalog/admin.py", "pattern": "/^    list_display = (\"name\", \"price\", \"created_at\", \"updated_at\")$/", "language": "Python", "kind": "variable", "scope": "ProductAdmin", "scopeKind": "class"}, {"_type": "tag", "name": "list_display", "path": "/home/kavia/workspace/code-generation/e-commerce-platform-313668-313677/django_backend/catalog/admin.py", "pattern": "/^    list_display = (\"product\", \"text\")$/", "language": "Python", "kind": "variable", "scope": "ProductFeatureAdmin", "scopeKind": "class"}, {"_type": "tag", "name": "model", "path": "/home/kavia/workspace/code-generation/e-commerce-platform-313668-313677/django_backend/catalog/admin.py", "pattern": "/^    model = ProductFeature$/", "language": "Python", "kind": "variable", "scope": "ProductFeatureInline", "scopeKind": "class"}, {"_type": "tag", "name": "search_fields", "path": "/home/kavia/workspace/code-generation/e-commerce-platform-313668-313677/django_backend/catalog/admin.py", "pattern": "/^    search_fields = (\"name\",)$/", "language": "Python", "kind": "variable", "scope": "ProductAdmin", "scopeKind": "class"}, {"_type": "tag", "name": "search_fields", "path": "/home/kavia/workspace/code-generation/e-commerce-platform-313668-313677/django_backend/catalog/admin.py", "pattern": "/^    search_fields = (\"product__name\", \"text\")$/", "language": "Python", "kind": "variable", "scope": "ProductFeatureAdmin", "scopeKind": "class"}], "hash": "92662c16dfa3b531a18e35285009c24b", "format-version": 4, "code-base-name": "django_backend", "filename": "django_backend/catalog/admin.py", "fields": [{"name": "extra = 1", "scope": "ProductFeatureInline", "scopeKind": "class", "description": "unavailable"}, {"name": "inlines = [ProductFeatureInline]", "scope": "ProductAdmin", "scopeKind": "class", "description": "unavailable"}, {"name": "list_display = (\"name\", \"price\", \"created_at\", \"updated_at\")", "scope": "ProductAdmin", "scopeKind": "class", "description": "unavailable"}, {"name": "list_display = (\"product\", \"text\")", "scope": "ProductFeatureAdmin", "scopeKind": "class", "description": "unavailable"}, {"name": "model = ProductFeature", "scope": "ProductFeatureInline", "scopeKind": "class", "description": "unavailable"}, {"name": "search_fields = (\"name\",)", "scope": "ProductAdmin", "scopeKind": "class", "description": "unavailable"}, {"name": "search_fields = (\"product__name\", \"text\")", "scope": "ProductFeatureAdmin", "scopeKind": "class", "description": "unavailable"}], "revision_history": [{"86": "a1d371d1f4c1595788454008b65ee2947aa15578"}]}