{"is_source_file": false, "format": "", "description": "", "external_files": [], "external_methods": [], "published": [], "classes": [], "methods": [], "calls": [], "search-terms": [], "state": 2, "file_id": 61, "knowledge_revision": 124, "git_revision": "a1d371d1f4c1595788454008b65ee2947aa15578", "hash": "4c78137f75f9f2b919f34efb9da4077a", "format-version": 4, "code-base-name": "django_backend", "filename": "django_backend/README.md", "revision_history": [{"124": "a1d371d1f4c1595788454008b65ee2947aa15578"}]}