{"is_source_file": true, "format": "Python", "description": "Django URL configuration for the cart app, defining URL patterns and mapping them to view functions for cart operations.", "external_files": ["cart/views.py"], "external_methods": ["add_to_cart", "decrease_item", "increase_item", "view_cart"], "published": ["app_name", "urlpatterns"], "classes": [], "methods": [], "calls": ["path"], "search-terms": ["django", "urls", "cart", "view functions", "urlpatterns", "add_to_cart", "increase_item", "decrease_item"], "state": 2, "file_id": 39, "knowledge_revision": 102, "git_revision": "a1d371d1f4c1595788454008b65ee2947aa15578", "ctags": [{"_type": "tag", "name": "app_name", "path": "/home/kavia/workspace/code-generation/e-commerce-platform-313668-313677/django_backend/cart/urls.py", "pattern": "/^app_name = \"cart\"$/", "language": "Python", "kind": "variable"}, {"_type": "tag", "name": "urlpatterns", "path": "/home/kavia/workspace/code-generation/e-commerce-platform-313668-313677/django_backend/cart/urls.py", "pattern": "/^urlpatterns = [$/", "language": "Python", "kind": "variable"}], "hash": "fa9a463872bc8846a29c33eb7ea126fe", "format-version": 4, "code-base-name": "django_backend", "filename": "django_backend/cart/urls.py", "fields": [{"name": "app_name = \"cart\"", "scope": "", "scopeKind": "", "description": "unavailable"}, {"name": "urlpatterns = [", "scope": "", "scopeKind": "", "description": "unavailable"}], "revision_history": [{"102": "a1d371d1f4c1595788454008b65ee2947aa15578"}]}