{"is_source_file": true, "file_id": 6, "git_revision": "", "state": 1, "description": "", "external_files": [], "external_methods": [], "published": [], "classes": [], "methods": [], "calls": [], "search-terms": [], "ctags": [{"_type": "tag", "name": "urlpatterns", "path": "/home/kavia/workspace/code-generation/e-commerce-platform-313668-313677/django_backend/config/urls.py", "pattern": "/^urlpatterns = [$/", "language": "Python", "kind": "variable"}], "format": "Python", "hash": "7f8859e94566b2664a1cf3c7abf3b67e", "format-version": 4, "code-base-name": "django_backend", "filename": "django_backend/config/urls.py", "knowledge_revision": 9}