{"is_source_file": true, "format": "Python", "description": "This is a WSGI configuration file for a Django project, setting up the WSGI application for deployment.", "external_files": ["django/core/wsgi.py"], "external_methods": ["django.core.wsgi.get_wsgi_application"], "published": ["application"], "classes": [], "methods": [{"name": "get_wsgi_application", "description": "Returns a WSGI application callable for serving the Django project."}], "calls": ["django.core.wsgi.get_wsgi_application"], "search-terms": ["WSGI", "Django", "wsgi.py", "application", "django_settings"], "state": 2, "file_id": 5, "knowledge_revision": 61, "git_revision": "a1d371d1f4c1595788454008b65ee2947aa15578", "ctags": [{"_type": "tag", "name": "application", "path": "/home/kavia/workspace/code-generation/e-commerce-platform-313668-313677/django_backend/config/wsgi.py", "pattern": "/^application = get_wsgi_application()$/", "language": "Python", "kind": "variable"}], "hash": "74dafa54948ff0777532b8fbecdfaf88", "format-version": 4, "code-base-name": "django_backend", "filename": "django_backend/config/wsgi.py", "fields": [{"name": "application = get_wsgi_application()", "scope": "", "scopeKind": "", "description": "unavailable"}], "revision_history": [{"61": "a1d371d1f4c1595788454008b65ee2947aa15578"}]}