{"is_source_file": true, "format": "Python", "description": "This file defines a function for creating an order from a user's shopping cart, involving database transactions, creating order and order item records, and deleting cart items.", "external_files": ["cart.models", "orders.models"], "external_methods": ["CartItem.objects.select_related", "CartItem.objects.filter", "CartItem.objects.exists", "Order.objects.create", "Order.generate_order_id", "OrderItem.objects.bulk_create", "OrderItem"], "published": ["create_order_from_cart"], "classes": [{"name": "Order", "description": "Model representing a customer's order, with fields for user, order ID, payment, and address details."}, {"name": "OrderItem", "description": "Model representing individual items within an order, linked to products and the parent order."}], "methods": [{"name": "Order create_order_from_cart(*, user, checkout_data: dict)", "description": "Creates an Order from the current cart items of the user, then clears the cart.", "scope": "", "scopeKind": ""}], "calls": ["transaction.atomic", "CartItem.objects.select_related", "CartItem.objects.filter", "CartItem.exists", "Order.objects.create", "Order.generate_order_id", "OrderItem.objects.bulk_create", "cart_items.delete"], "search-terms": ["create_order_from_cart", "Order", "CartItem", "bulk_create", "select_related", "transaction.atomic"], "state": 2, "file_id": 46, "knowledge_revision": 109, "git_revision": "a1d371d1f4c1595788454008b65ee2947aa15578", "ctags": [{"_type": "tag", "name": "create_order_from_cart", "path": "/home/kavia/workspace/code-generation/e-commerce-platform-313668-313677/django_backend/orders/services.py", "pattern": "/^def create_order_from_cart(*, user, checkout_data: dict) -> Order:$/", "language": "Python", "typeref": "typename:Order", "kind": "function", "signature": "(*, user, checkout_data: dict)"}], "hash": "01364233653b8d75829b401e957489ba", "format-version": 4, "code-base-name": "django_backend", "filename": "django_backend/orders/services.py", "revision_history": [{"109": "a1d371d1f4c1595788454008b65ee2947aa15578"}]}