{"is_source_file": false, "format": "", "description": "", "external_files": [], "external_methods": [], "published": [], "classes": [], "methods": [], "calls": [], "search-terms": [], "state": 2, "file_id": 9, "knowledge_revision": 72, "git_revision": "a1d371d1f4c1595788454008b65ee2947aa15578", "hash": "171407e06fff7ffb24c66b1299dd50e7", "format-version": 4, "code-base-name": "django_backend", "filename": "django_backend/static/css/site.css", "revision_history": [{"72": "a1d371d1f4c1595788454008b65ee2947aa15578"}]}