{"is_source_file": false, "format": "", "description": "", "external_files": [], "external_methods": [], "published": [], "classes": [], "methods": [], "calls": [], "search-terms": ["Django template", "HTML", "base.html", "products loop", "product_detail", "add_to_cart", "catalog", "home.html"], "state": 2, "file_id": 24, "knowledge_revision": 87, "git_revision": "a1d371d1f4c1595788454008b65ee2947aa15578", "hash": "49eae9dd5457d0da180178b965e4b50f", "format-version": 4, "code-base-name": "django_backend", "filename": "django_backend/catalog/templates/catalog/home.html", "revision_history": [{"87": "a1d371d1f4c1595788454008b65ee2947aa15578"}]}