{"is_source_file": true, "format": "Python", "description": "Django URL configuration for the accounts app, defining URL routes and mapping them to respective views.", "external_files": ["accounts.views"], "external_methods": ["accounts.views.PasswordChange.as_view()", "accounts.views.login_view", "accounts.views.logout_view", "accounts.views.register_view"], "published": ["accounts"], "classes": [{"name": "PasswordChange", "description": "Django view class handling password change functionality."}], "methods": [{"name": "PasswordChange.as_view", "description": "Converts the PasswordChange class into a view function."}, {"name": "login_view", "description": "View handling user login."}, {"name": "logout_view", "description": "View handling user logout."}, {"name": "register_view", "description": "View handling user registration."}], "calls": ["accounts.views.PasswordChange.as_view()", "accounts.views.login_view", "accounts.views.logout_view", "accounts.views.register_view"], "search-terms": ["django urls", "accounts app routes", "PasswordChange", "login", "logout", "register"], "state": 2, "file_id": 14, "knowledge_revision": 77, "git_revision": "a1d371d1f4c1595788454008b65ee2947aa15578", "ctags": [{"_type": "tag", "name": "app_name", "path": "/home/kavia/workspace/code-generation/e-commerce-platform-313668-313677/django_backend/accounts/urls.py", "pattern": "/^app_name = \"accounts\"$/", "language": "Python", "kind": "variable"}, {"_type": "tag", "name": "urlpatterns", "path": "/home/kavia/workspace/code-generation/e-commerce-platform-313668-313677/django_backend/accounts/urls.py", "pattern": "/^urlpatterns = [$/", "language": "Python", "kind": "variable"}], "hash": "de98b50e9dc1bba729916d89377646d8", "format-version": 4, "code-base-name": "django_backend", "filename": "django_backend/accounts/urls.py", "fields": [{"name": "app_name = \"accounts\"", "scope": "", "scopeKind": "", "description": "unavailable"}, {"name": "urlpatterns = [", "scope": "", "scopeKind": "", "description": "unavailable"}], "revision_history": [{"77": "a1d371d1f4c1595788454008b65ee2947aa15578"}]}