{"is_source_file": true, "format": "Python", "description": "Django admin configuration for the Review model, registering the Review model with the admin site and customizing the admin interface.", "external_files": ["django.contrib.admin", "reviews.models"], "external_methods": ["admin.register"], "published": ["ReviewAdmin"], "classes": [{"name": "ReviewAdmin", "description": "Django admin class for the Review model, customizing list display, search fields, and list filters."}], "methods": [{"name": "__init__", "description": "Default constructor, inherited from ModelAdmin, not explicitly defined in the code."}], "calls": ["admin.register"], "search-terms": ["Django", "admin", "Review", "ModelAdmin", "reviews", "ReviewAdmin"], "state": 2, "file_id": 33, "knowledge_revision": 96, "git_revision": "a1d371d1f4c1595788454008b65ee2947aa15578", "ctags": [{"_type": "tag", "name": "ReviewAdmin", "path": "/home/kavia/workspace/code-generation/e-commerce-platform-313668-313677/django_backend/reviews/admin.py", "pattern": "/^class ReviewAdmin(admin.ModelAdmin):$/", "language": "Python", "kind": "class"}, {"_type": "tag", "name": "list_display", "path": "/home/kavia/workspace/code-generation/e-commerce-platform-313668-313677/django_backend/reviews/admin.py", "pattern": "/^    list_display = (\"product\", \"author\", \"created_at\")$/", "language": "Python", "kind": "variable", "scope": "ReviewAdmin", "scopeKind": "class"}, {"_type": "tag", "name": "list_filter", "path": "/home/kavia/workspace/code-generation/e-commerce-platform-313668-313677/django_backend/reviews/admin.py", "pattern": "/^    list_filter = (\"created_at\",)$/", "language": "Python", "kind": "variable", "scope": "ReviewAdmin", "scopeKind": "class"}, {"_type": "tag", "name": "search_fields", "path": "/home/kavia/workspace/code-generation/e-commerce-platform-313668-313677/django_backend/reviews/admin.py", "pattern": "/^    search_fields = (\"product__name\", \"author__username\", \"body\")$/", "language": "Python", "kind": "variable", "scope": "ReviewAdmin", "scopeKind": "class"}], "hash": "7b1aa8efad5ca1bafa1d16a68a591c0b", "format-version": 4, "code-base-name": "django_backend", "filename": "django_backend/reviews/admin.py", "fields": [{"name": "list_display = (\"product\", \"author\", \"created_at\")", "scope": "ReviewAdmin", "scopeKind": "class", "description": "unavailable"}, {"name": "list_filter = (\"created_at\",)", "scope": "ReviewAdmin", "scopeKind": "class", "description": "unavailable"}, {"name": "search_fields = (\"product__name\", \"author__username\", \"body\")", "scope": "ReviewAdmin", "scopeKind": "class", "description": "unavailable"}], "revision_history": [{"96": "a1d371d1f4c1595788454008b65ee2947aa15578"}]}