{"is_source_file": true, "format": "Python", "description": "This file is a Django admin configuration for the ContactMessage model, customizing how contact messages are displayed and managed in the Django admin interface.", "external_files": ["django.contrib", "contact.models"], "external_methods": ["admin.register"], "published": ["ContactMessageAdmin"], "classes": [{"name": "ContactMessageAdmin", "description": "Django admin class customizing display and filters for ContactMessage objects."}], "methods": [{"name": "__init__", "description": "Default constructor inherited from ModelAdmin, not explicitly defined in code."}], "calls": ["admin.register"], "search-terms": ["Django admin contact registration", "ContactMessage admin panel", "django admin list_display", "django admin search_fields", "django admin list_filter", "readonly_fields"], "state": 2, "file_id": 58, "knowledge_revision": 121, "git_revision": "a1d371d1f4c1595788454008b65ee2947aa15578", "ctags": [{"_type": "tag", "name": "ContactMessageAdmin", "path": "/home/kavia/workspace/code-generation/e-commerce-platform-313668-313677/django_backend/contact/admin.py", "pattern": "/^class ContactMessageAdmin(admin.ModelAdmin):$/", "language": "Python", "kind": "class"}, {"_type": "tag", "name": "list_display", "path": "/home/kavia/workspace/code-generation/e-commerce-platform-313668-313677/django_backend/contact/admin.py", "pattern": "/^    list_display = (\"id\", \"user\", \"name\", \"email\", \"phone\", \"created_at\")$/", "language": "Python", "kind": "variable", "scope": "ContactMessageAdmin", "scopeKind": "class"}, {"_type": "tag", "name": "list_filter", "path": "/home/kavia/workspace/code-generation/e-commerce-platform-313668-313677/django_backend/contact/admin.py", "pattern": "/^    list_filter = (\"created_at\",)$/", "language": "Python", "kind": "variable", "scope": "ContactMessageAdmin", "scopeKind": "class"}, {"_type": "tag", "name": "readonly_fields", "path": "/home/kavia/workspace/code-generation/e-commerce-platform-313668-313677/django_backend/contact/admin.py", "pattern": "/^    readonly_fields = (\"created_at\",)$/", "language": "Python", "kind": "variable", "scope": "ContactMessageAdmin", "scopeKind": "class"}, {"_type": "tag", "name": "search_fields", "path": "/home/kavia/workspace/code-generation/e-commerce-platform-313668-313677/django_backend/contact/admin.py", "pattern": "/^    search_fields = (\"name\", \"email\", \"phone\", \"message\", \"user__username\")$/", "language": "Python", "kind": "variable", "scope": "ContactMessageAdmin", "scopeKind": "class"}], "hash": "0415448ee1e310ec2725aa8096224f95", "format-version": 4, "code-base-name": "django_backend", "filename": "django_backend/contact/admin.py", "fields": [{"name": "list_display = (\"id\", \"user\", \"name\", \"email\", \"phone\", \"created_at\")", "scope": "ContactMessageAdmin", "scopeKind": "class", "description": "unavailable"}, {"name": "list_filter = (\"created_at\",)", "scope": "ContactMessageAdmin", "scopeKind": "class", "description": "unavailable"}, {"name": "readonly_fields = (\"created_at\",)", "scope": "ContactMessageAdmin", "scopeKind": "class", "description": "unavailable"}, {"name": "search_fields = (\"name\", \"email\", \"phone\", \"message\", \"user__username\")", "scope": "ContactMessageAdmin", "scopeKind": "class", "description": "unavailable"}], "revision_history": [{"121": "a1d371d1f4c1595788454008b65ee2947aa15578"}]}