{"is_source_file": true, "format": "Python", "description": "This is a Django project settings configuration file that sets up environment variables, database configurations, installed apps, middleware, templates, static/media files, and security settings for the e-commerce platform.", "external_files": [".env"], "external_methods": ["load_dotenv", "urlparse"], "published": ["BASE_DIR", "SECRET_KEY", "DEBUG", "ALLOWED_HOSTS", "INSTALLED_APPS", "MIDDLEWARE", "ROOT_URLCONF", "TEMPLATES", "WSGI_APPLICATION", "DATABASE_URL", "DATABASES", "AUTH_PASSWORD_VALIDATORS", "LANGUAGE_CODE", "TIME_ZONE", "USE_I18N", "USE_TZ", "STATIC_URL", "STATICFILES_DIRS", "STATIC_ROOT", "MEDIA_URL", "MEDIA_ROOT", "DEFAULT_AUTO_FIELD", "LOGIN_URL", "LOGIN_REDIRECT_URL", "LOGOUT_REDIRECT_URL", "MESSAGE_TAGS", "CSRF_COOKIE_SECURE", "SESSION_COOKIE_SECURE", "SECURE_BROWSER_XSS_FILTER", "X_FRAME_OPTIONS", "SECURE_CONTENT_TYPE_NOSNIFF"], "classes": [], "methods": [{"name": "load_dotenv", "description": "Loads environment variables from a .env file located at BASE_DIR/.env if present."}], "calls": ["load_dotenv(BASE_DIR / \".env\")", "urlparse(DATABASE_URL)"], "search-terms": ["Django settings", "DATABASE_URL", "STATICFILES", "security settings", "environment variables"], "state": 2, "file_id": 7, "knowledge_revision": 70, "git_revision": "a1d371d1f4c1595788454008b65ee2947aa15578", "ctags": [{"_type": "tag", "name": "ALLOWED_HOSTS", "path": "/home/kavia/workspace/code-generation/e-commerce-platform-313668-313677/django_backend/config/settings.py", "pattern": "/^ALLOWED_HOSTS = [h.strip() for h in os.getenv(\"DJANGO_ALLOWED_HOSTS\", \"localhost,127.0.0.1\").spl/", "language": "Python", "kind": "variable"}, {"_type": "tag", "name": "AUTH_PASSWORD_VALIDATORS", "path": "/home/kavia/workspace/code-generation/e-commerce-platform-313668-313677/django_backend/config/settings.py", "pattern": "/^AUTH_PASSWORD_VALIDATORS = [$/", "language": "Python", "kind": "variable"}, {"_type": "tag", "name": "BASE_DIR", "path": "/home/kavia/workspace/code-generation/e-commerce-platform-313668-313677/django_backend/config/settings.py", "pattern": "/^BASE_DIR = Path(__file__).resolve().parent.parent$/", "language": "Python", "kind": "variable"}, {"_type": "tag", "name": "CSRF_COOKIE_SECURE", "path": "/home/kavia/workspace/code-generation/e-commerce-platform-313668-313677/django_backend/config/settings.py", "pattern": "/^CSRF_COOKIE_SECURE = not DEBUG$/", "language": "Python", "kind": "variable"}, {"_type": "tag", "name": "DATABASES", "path": "/home/kavia/workspace/code-generation/e-commerce-platform-313668-313677/django_backend/config/settings.py", "pattern": "/^    DATABASES = {$/", "language": "Python", "kind": "variable"}, {"_type": "tag", "name": "DATABASE_URL", "path": "/home/kavia/workspace/code-generation/e-commerce-platform-313668-313677/django_backend/config/settings.py", "pattern": "/^DATABASE_URL = os.getenv(\"DATABASE_URL\", \"\").strip()$/", "language": "Python", "kind": "variable"}, {"_type": "tag", "name": "DEBUG", "path": "/home/kavia/workspace/code-generation/e-commerce-platform-313668-313677/django_backend/config/settings.py", "pattern": "/^DEBUG = os.getenv(\"DJANGO_DEBUG\", \"true\").lower() in (\"1\", \"true\", \"yes\", \"on\")$/", "language": "Python", "kind": "variable"}, {"_type": "tag", "name": "DEFAULT_AUTO_FIELD", "path": "/home/kavia/workspace/code-generation/e-commerce-platform-313668-313677/django_backend/config/settings.py", "pattern": "/^DEFAULT_AUTO_FIELD = \"django.db.models.BigAutoField\"$/", "language": "Python", "kind": "variable"}, {"_type": "tag", "name": "INSTALLED_APPS", "path": "/home/kavia/workspace/code-generation/e-commerce-platform-313668-313677/django_backend/config/settings.py", "pattern": "/^INSTALLED_APPS = [$/", "language": "Python", "kind": "variable"}, {"_type": "tag", "name": "LANGUAGE_CODE", "path": "/home/kavia/workspace/code-generation/e-commerce-platform-313668-313677/django_backend/config/settings.py", "pattern": "/^LANGUAGE_CODE = \"en-us\"$/", "language": "Python", "kind": "variable"}, {"_type": "tag", "name": "LOGIN_REDIRECT_URL", "path": "/home/kavia/workspace/code-generation/e-commerce-platform-313668-313677/django_backend/config/settings.py", "pattern": "/^LOGIN_REDIRECT_URL = \"catalog:home\"$/", "language": "Python", "kind": "variable"}, {"_type": "tag", "name": "LOGIN_URL", "path": "/home/kavia/workspace/code-generation/e-commerce-platform-313668-313677/django_backend/config/settings.py", "pattern": "/^LOGIN_URL = \"accounts:login\"$/", "language": "Python", "kind": "variable"}, {"_type": "tag", "name": "LOGOUT_REDIRECT_URL", "path": "/home/kavia/workspace/code-generation/e-commerce-platform-313668-313677/django_backend/config/settings.py", "pattern": "/^LOGOUT_REDIRECT_URL = \"catalog:home\"$/", "language": "Python", "kind": "variable"}, {"_type": "tag", "name": "MEDIA_ROOT", "path": "/home/kavia/workspace/code-generation/e-commerce-platform-313668-313677/django_backend/config/settings.py", "pattern": "/^MEDIA_ROOT = BASE_DIR \\/ \"media\"$/", "language": "Python", "kind": "variable"}, {"_type": "tag", "name": "MEDIA_URL", "path": "/home/kavia/workspace/code-generation/e-commerce-platform-313668-313677/django_backend/config/settings.py", "pattern": "/^MEDIA_URL = \"\\/media\\/\"$/", "language": "Python", "kind": "variable"}, {"_type": "tag", "name": "MESSAGE_TAGS", "path": "/home/kavia/workspace/code-generation/e-commerce-platform-313668-313677/django_backend/config/settings.py", "pattern": "/^MESSAGE_TAGS = {$/", "language": "Python", "kind": "variable"}, {"_type": "tag", "name": "MIDDLEWARE", "path": "/home/kavia/workspace/code-generation/e-commerce-platform-313668-313677/django_backend/config/settings.py", "pattern": "/^MIDDLEWARE = [$/", "language": "Python", "kind": "variable"}, {"_type": "tag", "name": "ROOT_URLCONF", "path": "/home/kavia/workspace/code-generation/e-commerce-platform-313668-313677/django_backend/config/settings.py", "pattern": "/^ROOT_URLCONF = \"config.urls\"$/", "language": "Python", "kind": "variable"}, {"_type": "tag", "name": "SECRET_KEY", "path": "/home/kavia/workspace/code-generation/e-commerce-platform-313668-313677/django_backend/config/settings.py", "pattern": "/^SECRET_KEY = os.getenv(\"DJANGO_SECRET_KEY\", \"dev-insecure-secret-key-change-me\")$/", "language": "Python", "kind": "variable"}, {"_type": "tag", "name": "SECURE_BROWSER_XSS_FILTER", "path": "/home/kavia/workspace/code-generation/e-commerce-platform-313668-313677/django_backend/config/settings.py", "pattern": "/^SECURE_BROWSER_XSS_FILTER = True$/", "language": "Python", "kind": "variable"}, {"_type": "tag", "name": "SECURE_CONTENT_TYPE_NOSNIFF", "path": "/home/kavia/workspace/code-generation/e-commerce-platform-313668-313677/django_backend/config/settings.py", "pattern": "/^SECURE_CONTENT_TYPE_NOSNIFF = True$/", "language": "Python", "kind": "variable"}, {"_type": "tag", "name": "SESSION_COOKIE_SECURE", "path": "/home/kavia/workspace/code-generation/e-commerce-platform-313668-313677/django_backend/config/settings.py", "pattern": "/^SESSION_COOKIE_SECURE = not DEBUG$/", "language": "Python", "kind": "variable"}, {"_type": "tag", "name": "STATICFILES_DIRS", "path": "/home/kavia/workspace/code-generation/e-commerce-platform-313668-313677/django_backend/config/settings.py", "pattern": "/^STATICFILES_DIRS = [BASE_DIR \\/ \"static\"]$/", "language": "Python", "kind": "variable"}, {"_type": "tag", "name": "STATIC_ROOT", "path": "/home/kavia/workspace/code-generation/e-commerce-platform-313668-313677/django_backend/config/settings.py", "pattern": "/^STATIC_ROOT = BASE_DIR \\/ \"staticfiles\"$/", "language": "Python", "kind": "variable"}, {"_type": "tag", "name": "STATIC_URL", "path": "/home/kavia/workspace/code-generation/e-commerce-platform-313668-313677/django_backend/config/settings.py", "pattern": "/^STATIC_URL = \"static\\/\"$/", "language": "Python", "kind": "variable"}, {"_type": "tag", "name": "TEMPLATES", "path": "/home/kavia/workspace/code-generation/e-commerce-platform-313668-313677/django_backend/config/settings.py", "pattern": "/^TEMPLATES = [$/", "language": "Python", "kind": "variable"}, {"_type": "tag", "name": "TIME_ZONE", "path": "/home/kavia/workspace/code-generation/e-commerce-platform-313668-313677/django_backend/config/settings.py", "pattern": "/^TIME_ZONE = \"UTC\"$/", "language": "Python", "kind": "variable"}, {"_type": "tag", "name": "USE_I18N", "path": "/home/kavia/workspace/code-generation/e-commerce-platform-313668-313677/django_backend/config/settings.py", "pattern": "/^USE_I18N = True$/", "language": "Python", "kind": "variable"}, {"_type": "tag", "name": "USE_TZ", "path": "/home/kavia/workspace/code-generation/e-commerce-platform-313668-313677/django_backend/config/settings.py", "pattern": "/^USE_TZ = True$/", "language": "Python", "kind": "variable"}, {"_type": "tag", "name": "WSGI_APPLICATION", "path": "/home/kavia/workspace/code-generation/e-commerce-platform-313668-313677/django_backend/config/settings.py", "pattern": "/^WSGI_APPLICATION = \"config.wsgi.application\"$/", "language": "Python", "kind": "variable"}, {"_type": "tag", "name": "X_FRAME_OPTIONS", "path": "/home/kavia/workspace/code-generation/e-commerce-platform-313668-313677/django_backend/config/settings.py", "pattern": "/^X_FRAME_OPTIONS = \"DENY\"$/", "language": "Python", "kind": "variable"}, {"_type": "tag", "name": "message_constants", "path": "/home/kavia/workspace/code-generation/e-commerce-platform-313668-313677/django_backend/config/settings.py", "pattern": "/^from django.contrib.messages import constants as message_constants  # noqa: E402$/", "language": "Python", "kind": "unknown", "nameref": "unknown:constants"}, {"_type": "tag", "name": "parsed", "path": "/home/kavia/workspace/code-generation/e-commerce-platform-313668-313677/django_backend/config/settings.py", "pattern": "/^    parsed = urlparse(DATABASE_URL)$/", "language": "Python", "kind": "variable"}], "hash": "36bb02dd7a403924812a584dd02b9024", "format-version": 4, "code-base-name": "django_backend", "filename": "django_backend/config/settings.py", "fields": [{"name": "ALLOWED_HOSTS = [h.strip() for h in os.getenv(\"DJANGO_ALLOWED_HOSTS\", \"localhost,127.0.0.1\").spl/", "scope": "", "scopeKind": "", "description": "unavailable"}, {"name": "AUTH_PASSWORD_VALIDATORS = [", "scope": "", "scopeKind": "", "description": "unavailable"}, {"name": "BASE_DIR = Path(__file__).resolve().parent.parent", "scope": "", "scopeKind": "", "description": "unavailable"}, {"name": "CSRF_COOKIE_SECURE = not DEBUG", "scope": "", "scopeKind": "", "description": "unavailable"}, {"name": "DATABASES = {", "scope": "", "scopeKind": "", "description": "unavailable"}, {"name": "DATABASE_URL = os.getenv(\"DATABASE_URL\", \"\").strip()", "scope": "", "scopeKind": "", "description": "unavailable"}, {"name": "DEBUG = os.getenv(\"DJANGO_DEBUG\", \"true\").lower() in (\"1\", \"true\", \"yes\", \"on\")", "scope": "", "scopeKind": "", "description": "unavailable"}, {"name": "DEFAULT_AUTO_FIELD = \"django.db.models.BigAutoField\"", "scope": "", "scopeKind": "", "description": "unavailable"}, {"name": "INSTALLED_APPS = [", "scope": "", "scopeKind": "", "description": "unavailable"}, {"name": "LANGUAGE_CODE = \"en-us\"", "scope": "", "scopeKind": "", "description": "unavailable"}, {"name": "LOGIN_REDIRECT_URL = \"catalog:home\"", "scope": "", "scopeKind": "", "description": "unavailable"}, {"name": "LOGIN_URL = \"accounts:login\"", "scope": "", "scopeKind": "", "description": "unavailable"}, {"name": "LOGOUT_REDIRECT_URL = \"catalog:home\"", "scope": "", "scopeKind": "", "description": "unavailable"}, {"name": "MEDIA_ROOT = BASE_DIR \\/ \"media\"", "scope": "", "scopeKind": "", "description": "unavailable"}, {"name": "MEDIA_URL = \"\\/media\\/\"", "scope": "", "scopeKind": "", "description": "unavailable"}, {"name": "MESSAGE_TAGS = {", "scope": "", "scopeKind": "", "description": "unavailable"}, {"name": "MIDDLEWARE = [", "scope": "", "scopeKind": "", "description": "unavailable"}, {"name": "ROOT_URLCONF = \"config.urls\"", "scope": "", "scopeKind": "", "description": "unavailable"}, {"name": "SECRET_KEY = os.getenv(\"DJANGO_SECRET_KEY\", \"dev-insecure-secret-key-change-me\")", "scope": "", "scopeKind": "", "description": "unavailable"}, {"name": "SECURE_BROWSER_XSS_FILTER = True", "scope": "", "scopeKind": "", "description": "unavailable"}, {"name": "SECURE_CONTENT_TYPE_NOSNIFF = True", "scope": "", "scopeKind": "", "description": "unavailable"}, {"name": "SESSION_COOKIE_SECURE = not DEBUG", "scope": "", "scopeKind": "", "description": "unavailable"}, {"name": "STATICFILES_DIRS = [BASE_DIR \\/ \"static\"]", "scope": "", "scopeKind": "", "description": "unavailable"}, {"name": "STATIC_ROOT = BASE_DIR \\/ \"staticfiles\"", "scope": "", "scopeKind": "", "description": "unavailable"}, {"name": "STATIC_URL = \"static\\/\"", "scope": "", "scopeKind": "", "description": "unavailable"}, {"name": "TEMPLATES = [", "scope": "", "scopeKind": "", "description": "unavailable"}, {"name": "TIME_ZONE = \"UTC\"", "scope": "", "scopeKind": "", "description": "unavailable"}, {"name": "USE_I18N = True", "scope": "", "scopeKind": "", "description": "unavailable"}, {"name": "USE_TZ = True", "scope": "", "scopeKind": "", "description": "unavailable"}, {"name": "WSGI_APPLICATION = \"config.wsgi.application\"", "scope": "", "scopeKind": "", "description": "unavailable"}, {"name": "X_FRAME_OPTIONS = \"DENY\"", "scope": "", "scopeKind": "", "description": "unavailable"}, {"name": "parsed = urlparse(DATABASE_URL)", "scope": "", "scopeKind": "", "description": "unavailable"}], "revision_history": [{"70": "a1d371d1f4c1595788454008b65ee2947aa15578"}]}