{"is_source_file": false, "format": "", "description": "", "external_files": [], "external_methods": [], "published": [], "classes": [], "methods": [], "calls": [], "search-terms": [], "state": 2, "file_id": 50, "knowledge_revision": 113, "git_revision": "a1d371d1f4c1595788454008b65ee2947aa15578", "hash": "9fa77b12e489d47c664f4adf55880f52", "format-version": 4, "code-base-name": "django_backend", "filename": "django_backend/orders/templates/orders/checkout.html", "revision_history": [{"113": "a1d371d1f4c1595788454008b65ee2947aa15578"}]}