{"is_source_file": true, "format": "Python", "description": "This file contains Django view functions for handling product reviews in an e-commerce application, including creating reviews with user authentication and form validation.", "external_files": ["django.contrib", "django.contrib.auth.decorators", "django.http", "django.shortcuts", "catalog.models", "reviews.forms", "reviews.services"], "external_methods": ["messages.error", "messages.success", "get_object_or_404", "redirect", "login_required", "require_POST"], "published": ["create_review"], "classes": [], "methods": [{"name": "HttpResponse create_review(request: HttpRequest, product_id: int)", "description": "Handles POST requests to create a product review, verifying user permissions, validating form data, and redirecting accordingly.", "scope": "", "scopeKind": ""}], "calls": ["get_object_or_404", "user_can_review_product", "messages.error", "messages.success", "redirect", "ReviewForm", "form.is_valid", "form.save", "messages.error"], "search-terms": ["create_review", "product_review", "Django views", "reviews", "user_can_review_product"], "state": 2, "file_id": 31, "knowledge_revision": 94, "git_revision": "a1d371d1f4c1595788454008b65ee2947aa15578", "ctags": [{"_type": "tag", "name": "create_review", "path": "/home/kavia/workspace/code-generation/e-commerce-platform-313668-313677/django_backend/reviews/views.py", "pattern": "/^def create_review(request: HttpRequest, product_id: int) -> HttpResponse:$/", "language": "Python", "typeref": "typename:HttpResponse", "kind": "function", "signature": "(request: HttpRequest, product_id: int)"}], "hash": "017a7136167ce50a919570693dde1512", "format-version": 4, "code-base-name": "django_backend", "filename": "django_backend/reviews/views.py", "revision_history": [{"94": "a1d371d1f4c1595788454008b65ee2947aa15578"}]}