{"is_source_file": true, "format": "Python", "description": "This is the ASGI configuration file for a Django project, setting up the asynchronous gateway interface for server deployment.", "external_files": ["django.core.asgi"], "external_methods": ["django.core.asgi.get_asgi_application"], "published": ["application"], "classes": [], "methods": [{"name": "get_asgi_application", "description": "Returns the ASGI application callable for the Django project."}], "calls": ["django.core.asgi.get_asgi_application"], "search-terms": ["asgi", "django", "application", "settings"], "state": 2, "file_id": 4, "knowledge_revision": 49, "git_revision": "a1d371d1f4c1595788454008b65ee2947aa15578", "ctags": [{"_type": "tag", "name": "application", "path": "/home/kavia/workspace/code-generation/e-commerce-platform-313668-313677/django_backend/config/asgi.py", "pattern": "/^application = get_asgi_application()$/", "language": "Python", "kind": "variable"}], "hash": "07c0b76a675d243a4aa6cbcd5eccba4f", "format-version": 4, "code-base-name": "django_backend", "filename": "django_backend/config/asgi.py", "fields": [{"name": "application = get_asgi_application()", "scope": "", "scopeKind": "", "description": "unavailable"}], "revision_history": [{"49": "a1d371d1f4c1595788454008b65ee2947aa15578"}]}