{"is_source_file": false, "format": "", "description": "", "external_files": [], "external_methods": [], "published": [], "classes": [], "methods": [], "calls": [], "search-terms": [], "state": 2, "file_id": 59, "knowledge_revision": 122, "git_revision": "a1d371d1f4c1595788454008b65ee2947aa15578", "hash": "ea4ceb6115e21100b29a662c7ff38716", "format-version": 4, "code-base-name": "django_backend", "filename": "django_backend/contact/templates/contact/contact_logged_in.html", "revision_history": [{"122": "a1d371d1f4c1595788454008b65ee2947aa15578"}]}