{"is_source_file": true, "format": "Python", "description": "Defines Django form classes for contact message submissions, one for logged-in users and one for guests, including form fields and widgets.", "external_files": ["contact.models"], "external_methods": [], "published": ["LoggedInContactForm", "GuestContactForm"], "classes": [{"name": "LoggedInContactForm", "description": "A Django ModelForm for logged-in users to send a message."}, {"name": "GuestContactForm", "description": "A Django ModelForm for guests to send a message including their name, email, and phone."}], "methods": [{"name": "Meta", "description": "Inner class defining form metadata: associated model and form fields/widgets."}], "calls": ["forms.ModelForm", "forms.Textarea", "forms.TextInput", "forms.EmailInput"], "search-terms": ["ContactForm", "ModelForm", "contact.models.ContactMessage", "forms", "django forms", "contact"], "state": 2, "file_id": 55, "knowledge_revision": 118, "git_revision": "a1d371d1f4c1595788454008b65ee2947aa15578", "ctags": [{"_type": "tag", "name": "GuestContactForm", "path": "/home/kavia/workspace/code-generation/e-commerce-platform-313668-313677/django_backend/contact/forms.py", "pattern": "/^class GuestContactForm(forms.ModelForm):$/", "language": "Python", "kind": "class"}, {"_type": "tag", "name": "LoggedInContactForm", "path": "/home/kavia/workspace/code-generation/e-commerce-platform-313668-313677/django_backend/contact/forms.py", "pattern": "/^class LoggedInContactForm(forms.ModelForm):$/", "language": "Python", "kind": "class"}, {"_type": "tag", "name": "Meta", "path": "/home/kavia/workspace/code-generation/e-commerce-platform-313668-313677/django_backend/contact/forms.py", "pattern": "/^    class Meta:$/", "language": "Python", "kind": "class", "scope": "GuestContactForm", "scopeKind": "class"}, {"_type": "tag", "name": "Meta", "path": "/home/kavia/workspace/code-generation/e-commerce-platform-313668-313677/django_backend/contact/forms.py", "pattern": "/^    class Meta:$/", "language": "Python", "kind": "class", "scope": "LoggedInContactForm", "scopeKind": "class"}, {"_type": "tag", "name": "fields", "path": "/home/kavia/workspace/code-generation/e-commerce-platform-313668-313677/django_backend/contact/forms.py", "pattern": "/^        fields = (\"message\",)$/", "language": "Python", "kind": "variable", "scope": "LoggedInContactForm.Meta", "scopeKind": "class"}, {"_type": "tag", "name": "fields", "path": "/home/kavia/workspace/code-generation/e-commerce-platform-313668-313677/django_backend/contact/forms.py", "pattern": "/^        fields = (\"name\", \"email\", \"phone\", \"message\")$/", "language": "Python", "kind": "variable", "scope": "GuestContactForm.Meta", "scopeKind": "class"}, {"_type": "tag", "name": "model", "path": "/home/kavia/workspace/code-generation/e-commerce-platform-313668-313677/django_backend/contact/forms.py", "pattern": "/^        model = ContactMessage$/", "language": "Python", "kind": "variable", "scope": "GuestContactForm.Meta", "scopeKind": "class"}, {"_type": "tag", "name": "model", "path": "/home/kavia/workspace/code-generation/e-commerce-platform-313668-313677/django_backend/contact/forms.py", "pattern": "/^        model = ContactMessage$/", "language": "Python", "kind": "variable", "scope": "LoggedInContactForm.Meta", "scopeKind": "class"}, {"_type": "tag", "name": "widgets", "path": "/home/kavia/workspace/code-generation/e-commerce-platform-313668-313677/django_backend/contact/forms.py", "pattern": "/^        widgets = {$/", "language": "Python", "kind": "variable", "scope": "GuestContactForm.Meta", "scopeKind": "class"}, {"_type": "tag", "name": "widgets", "path": "/home/kavia/workspace/code-generation/e-commerce-platform-313668-313677/django_backend/contact/forms.py", "pattern": "/^        widgets = {\"message\": forms.Textarea(attrs={\"class\": \"form-control\", \"rows\": 4})}$/", "language": "Python", "kind": "variable", "scope": "LoggedInContactForm.Meta", "scopeKind": "class"}], "hash": "c6fe6a3d12fb9068af8fc83122c7d635", "format-version": 4, "code-base-name": "django_backend", "filename": "django_backend/contact/forms.py", "fields": [{"name": "fields = (\"message\",)", "scope": "LoggedInContactForm.Meta", "scopeKind": "class", "description": "unavailable"}, {"name": "fields = (\"name\", \"email\", \"phone\", \"message\")", "scope": "GuestContactForm.Meta", "scopeKind": "class", "description": "unavailable"}, {"name": "model = ContactMessage", "scope": "GuestContactForm.Meta", "scopeKind": "class", "description": "unavailable"}, {"name": "widgets = {", "scope": "GuestContactForm.Meta", "scopeKind": "class", "description": "unavailable"}, {"name": "widgets = {\"message\": forms.Textarea(attrs={\"class\": \"form-control\", \"rows\": 4})}", "scope": "LoggedInContactForm.Meta", "scopeKind": "class", "description": "unavailable"}], "revision_history": [{"118": "a1d371d1f4c1595788454008b65ee2947aa15578"}]}