{"is_source_file": true, "format": "Python", "description": "This file defines URL patterns for a Django application section managing the product catalog. It maps URL paths to specific view functions, including a homepage, search page, and product detail page.", "external_files": ["catalog/views.py"], "external_methods": ["home_view", "product_detail_view", "search_view"], "published": ["app_name", "urlpatterns"], "classes": [], "methods": [], "calls": ["django.urls.path", "catalog.views.home_view", "catalog.views.search_view", "catalog.views.product_detail_view"], "search-terms": ["Django URL patterns", "catalog URL routing", "view functions mapping", "product detail URL", "search URL"], "state": 2, "file_id": 22, "knowledge_revision": 85, "git_revision": "a1d371d1f4c1595788454008b65ee2947aa15578", "ctags": [{"_type": "tag", "name": "app_name", "path": "/home/kavia/workspace/code-generation/e-commerce-platform-313668-313677/django_backend/catalog/urls.py", "pattern": "/^app_name = \"catalog\"$/", "language": "Python", "kind": "variable"}, {"_type": "tag", "name": "urlpatterns", "path": "/home/kavia/workspace/code-generation/e-commerce-platform-313668-313677/django_backend/catalog/urls.py", "pattern": "/^urlpatterns = [$/", "language": "Python", "kind": "variable"}], "hash": "17cea4d496c58ea7f0dc838ebf7516a3", "format-version": 4, "code-base-name": "django_backend", "filename": "django_backend/catalog/urls.py", "fields": [{"name": "app_name = \"catalog\"", "scope": "", "scopeKind": "", "description": "unavailable"}, {"name": "urlpatterns = [", "scope": "", "scopeKind": "", "description": "unavailable"}], "revision_history": [{"85": "a1d371d1f4c1595788454008b65ee2947aa15578"}]}