{"is_source_file": false, "format": "", "description": "", "external_files": [], "external_methods": [], "published": [], "classes": [], "methods": [], "calls": [], "search-terms": [], "state": 2, "file_id": 52, "knowledge_revision": 115, "git_revision": "a1d371d1f4c1595788454008b65ee2947aa15578", "hash": "c12a4f751a7517417cea5c04444100d4", "format-version": 4, "code-base-name": "django_backend", "filename": "django_backend/orders/templates/orders/track_order.html", "revision_history": [{"115": "a1d371d1f4c1595788454008b65ee2947aa15578"}]}