{"is_source_file": true, "format": "Python", "description": "Django admin configuration for Order and OrderItem models, registering admin interfaces and configuring display and search options.", "external_files": ["orders/models.py"], "external_methods": [], "published": [], "classes": [{"name": "OrderItemInline", "description": "Inline admin class for OrderItem model displayed in the Order admin page."}, {"name": "OrderAdmin", "description": "Admin class for the Order model, customizing list display, search, filters, and inlines."}, {"name": "OrderItemAdmin", "description": "Admin class for the OrderItem model, customizing list display and search fields."}], "methods": [{"name": "__init__", "description": "Default initializer for admin classes (not explicitly defined in the provided code)."}], "calls": ["admin.TabularInline", "admin.register"], "search-terms": ["OrderAdmin", "OrderItemAdmin", "Django admin", "Order", "OrderItem", "admin.py", "order_id", "user__username", "product__name"], "state": 2, "file_id": 49, "knowledge_revision": 112, "git_revision": "a1d371d1f4c1595788454008b65ee2947aa15578", "ctags": [{"_type": "tag", "name": "OrderAdmin", "path": "/home/kavia/workspace/code-generation/e-commerce-platform-313668-313677/django_backend/orders/admin.py", "pattern": "/^class OrderAdmin(admin.ModelAdmin):$/", "language": "Python", "kind": "class"}, {"_type": "tag", "name": "OrderItemAdmin", "path": "/home/kavia/workspace/code-generation/e-commerce-platform-313668-313677/django_backend/orders/admin.py", "pattern": "/^class OrderItemAdmin(admin.ModelAdmin):$/", "language": "Python", "kind": "class"}, {"_type": "tag", "name": "OrderItemInline", "path": "/home/kavia/workspace/code-generation/e-commerce-platform-313668-313677/django_backend/orders/admin.py", "pattern": "/^class OrderItemInline(admin.TabularInline):$/", "language": "Python", "kind": "class"}, {"_type": "tag", "name": "extra", "path": "/home/kavia/workspace/code-generation/e-commerce-platform-313668-313677/django_backend/orders/admin.py", "pattern": "/^    extra = 0$/", "language": "Python", "kind": "variable", "scope": "OrderItemInline", "scopeKind": "class"}, {"_type": "tag", "name": "inlines", "path": "/home/kavia/workspace/code-generation/e-commerce-platform-313668-313677/django_backend/orders/admin.py", "pattern": "/^    inlines = [OrderItemInline]$/", "language": "Python", "kind": "variable", "scope": "OrderAdmin", "scopeKind": "class"}, {"_type": "tag", "name": "list_display", "path": "/home/kavia/workspace/code-generation/e-commerce-platform-313668-313677/django_backend/orders/admin.py", "pattern": "/^    list_display = (\"order\", \"product\", \"quantity\", \"unit_price\")$/", "language": "Python", "kind": "variable", "scope": "OrderItemAdmin", "scopeKind": "class"}, {"_type": "tag", "name": "list_display", "path": "/home/kavia/workspace/code-generation/e-commerce-platform-313668-313677/django_backend/orders/admin.py", "pattern": "/^    list_display = (\"order_id\", \"user\", \"status\", \"payment_mode\", \"created_at\")$/", "language": "Python", "kind": "variable", "scope": "OrderAdmin", "scopeKind": "class"}, {"_type": "tag", "name": "list_filter", "path": "/home/kavia/workspace/code-generation/e-commerce-platform-313668-313677/django_backend/orders/admin.py", "pattern": "/^    list_filter = (\"status\", \"payment_mode\", \"created_at\")$/", "language": "Python", "kind": "variable", "scope": "OrderAdmin", "scopeKind": "class"}, {"_type": "tag", "name": "model", "path": "/home/kavia/workspace/code-generation/e-commerce-platform-313668-313677/django_backend/orders/admin.py", "pattern": "/^    model = OrderItem$/", "language": "Python", "kind": "variable", "scope": "OrderItemInline", "scopeKind": "class"}, {"_type": "tag", "name": "readonly_fields", "path": "/home/kavia/workspace/code-generation/e-commerce-platform-313668-313677/django_backend/orders/admin.py", "pattern": "/^    readonly_fields = (\"product\", \"quantity\", \"unit_price\")$/", "language": "Python", "kind": "variable", "scope": "OrderItemInline", "scopeKind": "class"}, {"_type": "tag", "name": "search_fields", "path": "/home/kavia/workspace/code-generation/e-commerce-platform-313668-313677/django_backend/orders/admin.py", "pattern": "/^    search_fields = (\"order__order_id\", \"product__name\")$/", "language": "Python", "kind": "variable", "scope": "OrderItemAdmin", "scopeKind": "class"}, {"_type": "tag", "name": "search_fields", "path": "/home/kavia/workspace/code-generation/e-commerce-platform-313668-313677/django_backend/orders/admin.py", "pattern": "/^    search_fields = (\"order_id\", \"user__username\", \"contact_number\", \"city\", \"state\", \"zipcode\")$/", "language": "Python", "kind": "variable", "scope": "OrderAdmin", "scopeKind": "class"}], "hash": "289f993a832aa99a184fc832082de2b9", "format-version": 4, "code-base-name": "django_backend", "filename": "django_backend/orders/admin.py", "fields": [{"name": "extra = 0", "scope": "OrderItemInline", "scopeKind": "class", "description": "unavailable"}, {"name": "inlines = [OrderItemInline]", "scope": "OrderAdmin", "scopeKind": "class", "description": "unavailable"}, {"name": "list_display = (\"order\", \"product\", \"quantity\", \"unit_price\")", "scope": "OrderItemAdmin", "scopeKind": "class", "description": "unavailable"}, {"name": "list_display = (\"order_id\", \"user\", \"status\", \"payment_mode\", \"created_at\")", "scope": "OrderAdmin", "scopeKind": "class", "description": "unavailable"}, {"name": "list_filter = (\"status\", \"payment_mode\", \"created_at\")", "scope": "OrderAdmin", "scopeKind": "class", "description": "unavailable"}, {"name": "model = OrderItem", "scope": "OrderItemInline", "scopeKind": "class", "description": "unavailable"}, {"name": "readonly_fields = (\"product\", \"quantity\", \"unit_price\")", "scope": "OrderItemInline", "scopeKind": "class", "description": "unavailable"}, {"name": "search_fields = (\"order__order_id\", \"product__name\")", "scope": "OrderItemAdmin", "scopeKind": "class", "description": "unavailable"}, {"name": "search_fields = (\"order_id\", \"user__username\", \"contact_number\", \"city\", \"state\", \"zipcode\")", "scope": "OrderAdmin", "scopeKind": "class", "description": "unavailable"}], "revision_history": [{"112": "a1d371d1f4c1595788454008b65ee2947aa15578"}]}