{"is_source_file": true, "format": "Python", "description": "Django application configuration file defining the 'ReviewsConfig' app configuration class.", "external_files": ["django.apps", "django.db.models"], "external_methods": [], "published": ["ReviewsConfig"], "classes": [{"name": "ReviewsConfig", "description": "Django AppConfig subclass for the 'reviews' application, specifying default auto field and app name."}], "methods": [], "calls": ["django.apps.AppConfig.__init__"], "search-terms": ["ReviewsConfig", "django.apps", "AppConfig", "reviews"], "state": 2, "file_id": 27, "knowledge_revision": 90, "git_revision": "a1d371d1f4c1595788454008b65ee2947aa15578", "ctags": [{"_type": "tag", "name": "ReviewsConfig", "path": "/home/kavia/workspace/code-generation/e-commerce-platform-313668-313677/django_backend/reviews/apps.py", "pattern": "/^class ReviewsConfig(AppConfig):$/", "language": "Python", "kind": "class"}, {"_type": "tag", "name": "default_auto_field", "path": "/home/kavia/workspace/code-generation/e-commerce-platform-313668-313677/django_backend/reviews/apps.py", "pattern": "/^    default_auto_field = \"django.db.models.BigAutoField\"$/", "language": "Python", "kind": "variable", "scope": "ReviewsConfig", "scopeKind": "class"}, {"_type": "tag", "name": "name", "path": "/home/kavia/workspace/code-generation/e-commerce-platform-313668-313677/django_backend/reviews/apps.py", "pattern": "/^    name = \"reviews\"$/", "language": "Python", "kind": "variable", "scope": "ReviewsConfig", "scopeKind": "class"}], "hash": "ed698c7cbf17ef447f7826ee4f07ec3c", "format-version": 4, "code-base-name": "django_backend", "filename": "django_backend/reviews/apps.py", "fields": [{"name": "default_auto_field = \"django.db.models.BigAutoField\"", "scope": "ReviewsConfig", "scopeKind": "class", "description": "unavailable"}, {"name": "name = \"reviews\"", "scope": "ReviewsConfig", "scopeKind": "class", "description": "unavailable"}], "revision_history": [{"90": "a1d371d1f4c1595788454008b65ee2947aa15578"}]}