{"is_source_file": true, "format": "Python", "description": "This file defines a Django form class for creating product reviews, utilizing Django's forms framework and referencing the Review model.", "external_files": ["reviews.models"], "external_methods": [], "published": ["ReviewForm"], "classes": [{"name": "ReviewForm", "description": "A Django ModelForm for creating or editing Review instances, specifically including the 'body' field with a custom textarea widget."}], "methods": [{"name": "Meta", "description": "Meta inner class specifying the model (Review) and fields ('body') for the form."}], "calls": ["forms.ModelForm", "forms.Textarea"], "search-terms": ["ReviewForm", "Django forms", "ModelForm", "review", "forms.py"], "state": 2, "file_id": 29, "knowledge_revision": 92, "git_revision": "a1d371d1f4c1595788454008b65ee2947aa15578", "ctags": [{"_type": "tag", "name": "Meta", "path": "/home/kavia/workspace/code-generation/e-commerce-platform-313668-313677/django_backend/reviews/forms.py", "pattern": "/^    class Meta:$/", "language": "Python", "kind": "class", "scope": "ReviewForm", "scopeKind": "class"}, {"_type": "tag", "name": "ReviewForm", "path": "/home/kavia/workspace/code-generation/e-commerce-platform-313668-313677/django_backend/reviews/forms.py", "pattern": "/^class ReviewForm(forms.ModelForm):$/", "language": "Python", "kind": "class"}, {"_type": "tag", "name": "fields", "path": "/home/kavia/workspace/code-generation/e-commerce-platform-313668-313677/django_backend/reviews/forms.py", "pattern": "/^        fields = (\"body\",)$/", "language": "Python", "kind": "variable", "scope": "ReviewForm.Meta", "scopeKind": "class"}, {"_type": "tag", "name": "model", "path": "/home/kavia/workspace/code-generation/e-commerce-platform-313668-313677/django_backend/reviews/forms.py", "pattern": "/^        model = Review$/", "language": "Python", "kind": "variable", "scope": "ReviewForm.Meta", "scopeKind": "class"}, {"_type": "tag", "name": "widgets", "path": "/home/kavia/workspace/code-generation/e-commerce-platform-313668-313677/django_backend/reviews/forms.py", "pattern": "/^        widgets = {\"body\": forms.Textarea(attrs={\"class\": \"form-control\", \"rows\": 4})}$/", "language": "Python", "kind": "variable", "scope": "ReviewForm.Meta", "scopeKind": "class"}], "hash": "a8cb828761743eb9507e94bdc5905ebb", "format-version": 4, "code-base-name": "django_backend", "filename": "django_backend/reviews/forms.py", "fields": [{"name": "fields = (\"body\",)", "scope": "ReviewForm.Meta", "scopeKind": "class", "description": "unavailable"}, {"name": "model = Review", "scope": "ReviewForm.Meta", "scopeKind": "class", "description": "unavailable"}, {"name": "widgets = {\"body\": forms.Textarea(attrs={\"class\": \"form-control\", \"rows\": 4})}", "scope": "ReviewForm.Meta", "scopeKind": "class", "description": "unavailable"}], "revision_history": [{"92": "a1d371d1f4c1595788454008b65ee2947aa15578"}]}