{"is_source_file": true, "format": "Python (Django models)", "description": "This file defines Django ORM models related to customer orders for an e-commerce platform, including the Order and OrderItem classes with associated fields and methods.", "external_files": ["django.conf.settings", "django.db.models", "uuid"], "external_methods": ["uuid.uuid4"], "published": [], "classes": [{"name": "Order", "description": "Represents a customer's order, including order ID, user, status, address details, and creation timestamp."}, {"name": "OrderItem", "description": "Represents individual items within an order, linking to products and containing quantity and price information."}], "methods": [{"name": "Order.generate_order_id", "description": "Generates a unique order ID string used for order tracking and PDF documentation."}, {"name": "Order.__str__", "description": "Returns a string representation of the Order instance."}, {"name": "OrderItem.__str__", "description": "Returns a string representation of the OrderItem instance."}, {"name": "str __str__(self)", "scope": "OrderItem", "scopeKind": "class", "description": "unavailable"}, {"name": "str generate_order_id()", "scope": "Order", "scopeKind": "class", "description": "unavailable"}], "calls": ["uuid.uuid4"], "search-terms": ["Order", "OrderItem", "generate_order_id", "Order status", "Order model", "OrderItem model", "django models"], "state": 2, "file_id": 44, "knowledge_revision": 107, "git_revision": "a1d371d1f4c1595788454008b65ee2947aa15578", "ctags": [{"_type": "tag", "name": "DELIVERED", "path": "/home/kavia/workspace/code-generation/e-commerce-platform-313668-313677/django_backend/orders/models.py", "pattern": "/^        DELIVERED = \"DELIVERED\", \"Delivered\"$/", "language": "Python", "kind": "variable", "scope": "Order.Status", "scopeKind": "class"}, {"_type": "tag", "name": "Order", "path": "/home/kavia/workspace/code-generation/e-commerce-platform-313668-313677/django_backend/orders/models.py", "pattern": "/^class Order(models.Model):$/", "language": "Python", "kind": "class"}, {"_type": "tag", "name": "OrderItem", "path": "/home/kavia/workspace/code-generation/e-commerce-platform-313668-313677/django_backend/orders/models.py", "pattern": "/^class OrderItem(models.Model):$/", "language": "Python", "kind": "class"}, {"_type": "tag", "name": "PLACED", "path": "/home/kavia/workspace/code-generation/e-commerce-platform-313668-313677/django_backend/orders/models.py", "pattern": "/^        PLACED = \"PLACED\", \"Placed\"$/", "language": "Python", "kind": "variable", "scope": "Order.Status", "scopeKind": "class"}, {"_type": "tag", "name": "PROCESSING", "path": "/home/kavia/workspace/code-generation/e-commerce-platform-313668-313677/django_backend/orders/models.py", "pattern": "/^        PROCESSING = \"PROCESSING\", \"Processing\"$/", "language": "Python", "kind": "variable", "scope": "Order.Status", "scopeKind": "class"}, {"_type": "tag", "name": "SHIPPED", "path": "/home/kavia/workspace/code-generation/e-commerce-platform-313668-313677/django_backend/orders/models.py", "pattern": "/^        SHIPPED = \"SHIPPED\", \"Shipped\"$/", "language": "Python", "kind": "variable", "scope": "Order.Status", "scopeKind": "class"}, {"_type": "tag", "name": "Status", "path": "/home/kavia/workspace/code-generation/e-commerce-platform-313668-313677/django_backend/orders/models.py", "pattern": "/^    class Status(models.TextChoices):$/", "language": "Python", "kind": "class", "scope": "Order", "scopeKind": "class"}, {"_type": "tag", "name": "__str__", "path": "/home/kavia/workspace/code-generation/e-commerce-platform-313668-313677/django_backend/orders/models.py", "pattern": "/^    def __str__(self) -> str:$/", "language": "Python", "typeref": "typename:str", "kind": "member", "signature": "(self)", "scope": "Order", "scopeKind": "class"}, {"_type": "tag", "name": "__str__", "path": "/home/kavia/workspace/code-generation/e-commerce-platform-313668-313677/django_backend/orders/models.py", "pattern": "/^    def __str__(self) -> str:$/", "language": "Python", "typeref": "typename:str", "kind": "member", "signature": "(self)", "scope": "OrderItem", "scopeKind": "class"}, {"_type": "tag", "name": "address", "path": "/home/kavia/workspace/code-generation/e-commerce-platform-313668-313677/django_backend/orders/models.py", "pattern": "/^    address = models.TextField()$/", "language": "Python", "kind": "variable", "scope": "Order", "scopeKind": "class"}, {"_type": "tag", "name": "city", "path": "/home/kavia/workspace/code-generation/e-commerce-platform-313668-313677/django_backend/orders/models.py", "pattern": "/^    city = models.CharField(max_length=120)$/", "language": "Python", "kind": "variable", "scope": "Order", "scopeKind": "class"}, {"_type": "tag", "name": "contact_number", "path": "/home/kavia/workspace/code-generation/e-commerce-platform-313668-313677/django_backend/orders/models.py", "pattern": "/^    contact_number = models.CharField(max_length=30)$/", "language": "Python", "kind": "variable", "scope": "Order", "scopeKind": "class"}, {"_type": "tag", "name": "created_at", "path": "/home/kavia/workspace/code-generation/e-commerce-platform-313668-313677/django_backend/orders/models.py", "pattern": "/^    created_at = models.DateTimeField(auto_now_add=True)$/", "language": "Python", "kind": "variable", "scope": "Order", "scopeKind": "class"}, {"_type": "tag", "name": "generate_order_id", "path": "/home/kavia/workspace/code-generation/e-commerce-platform-313668-313677/django_backend/orders/models.py", "pattern": "/^    def generate_order_id() -> str:$/", "language": "Python", "typeref": "typename:str", "kind": "member", "signature": "()", "scope": "Order", "scopeKind": "class"}, {"_type": "tag", "name": "order", "path": "/home/kavia/workspace/code-generation/e-commerce-platform-313668-313677/django_backend/orders/models.py", "pattern": "/^    order = models.ForeignKey(Order, on_delete=models.CASCADE, related_name=\"items\")$/", "language": "Python", "kind": "variable", "scope": "OrderItem", "scopeKind": "class"}, {"_type": "tag", "name": "order_id", "path": "/home/kavia/workspace/code-generation/e-commerce-platform-313668-313677/django_backend/orders/models.py", "pattern": "/^    order_id = models.CharField(max_length=32, unique=True, db_index=True)$/", "language": "Python", "kind": "variable", "scope": "Order", "scopeKind": "class"}, {"_type": "tag", "name": "payment_mode", "path": "/home/kavia/workspace/code-generation/e-commerce-platform-313668-313677/django_backend/orders/models.py", "pattern": "/^    payment_mode = models.CharField(max_length=50)$/", "language": "Python", "kind": "variable", "scope": "Order", "scopeKind": "class"}, {"_type": "tag", "name": "product", "path": "/home/kavia/workspace/code-generation/e-commerce-platform-313668-313677/django_backend/orders/models.py", "pattern": "/^    product = models.ForeignKey(\"catalog.Product\", on_delete=models.PROTECT, related_name=\"order/", "language": "Python", "kind": "variable", "scope": "OrderItem", "scopeKind": "class"}, {"_type": "tag", "name": "quantity", "path": "/home/kavia/workspace/code-generation/e-commerce-platform-313668-313677/django_backend/orders/models.py", "pattern": "/^    quantity = models.PositiveIntegerField()$/", "language": "Python", "kind": "variable", "scope": "OrderItem", "scopeKind": "class"}, {"_type": "tag", "name": "state", "path": "/home/kavia/workspace/code-generation/e-commerce-platform-313668-313677/django_backend/orders/models.py", "pattern": "/^    state = models.CharField(max_length=120)$/", "language": "Python", "kind": "variable", "scope": "Order", "scopeKind": "class"}, {"_type": "tag", "name": "status", "path": "/home/kavia/workspace/code-generation/e-commerce-platform-313668-313677/django_backend/orders/models.py", "pattern": "/^    status = models.CharField(max_length=20, choices=Status.choices, default=Status.PLACED)$/", "language": "Python", "kind": "variable", "scope": "Order", "scopeKind": "class"}, {"_type": "tag", "name": "unit_price", "path": "/home/kavia/workspace/code-generation/e-commerce-platform-313668-313677/django_backend/orders/models.py", "pattern": "/^    unit_price = models.DecimalField(max_digits=10, decimal_places=2)$/", "language": "Python", "kind": "variable", "scope": "OrderItem", "scopeKind": "class"}, {"_type": "tag", "name": "user", "path": "/home/kavia/workspace/code-generation/e-commerce-platform-313668-313677/django_backend/orders/models.py", "pattern": "/^    user = models.ForeignKey(settings.AUTH_USER_MODEL, on_delete=models.CASCADE, related_name=\"o/", "language": "Python", "kind": "variable", "scope": "Order", "scopeKind": "class"}, {"_type": "tag", "name": "zipcode", "path": "/home/kavia/workspace/code-generation/e-commerce-platform-313668-313677/django_backend/orders/models.py", "pattern": "/^    zipcode = models.CharField(max_length=20)$/", "language": "Python", "kind": "variable", "scope": "Order", "scopeKind": "class"}], "hash": "850f3bfd4a509a69498766a04f92e9c2", "format-version": 4, "code-base-name": "django_backend", "filename": "django_backend/orders/models.py", "fields": [{"name": "DELIVERED = \"DELIVERED\", \"Delivered\"", "scope": "Order.Status", "scopeKind": "class", "description": "unavailable"}, {"name": "PLACED = \"PLACED\", \"Placed\"", "scope": "Order.Status", "scopeKind": "class", "description": "unavailable"}, {"name": "PROCESSING = \"PROCESSING\", \"Processing\"", "scope": "Order.Status", "scopeKind": "class", "description": "unavailable"}, {"name": "SHIPPED = \"SHIPPED\", \"Shipped\"", "scope": "Order.Status", "scopeKind": "class", "description": "unavailable"}, {"name": "address = models.TextField()", "scope": "Order", "scopeKind": "class", "description": "unavailable"}, {"name": "city = models.CharField(max_length=120)", "scope": "Order", "scopeKind": "class", "description": "unavailable"}, {"name": "contact_number = models.CharField(max_length=30)", "scope": "Order", "scopeKind": "class", "description": "unavailable"}, {"name": "created_at = models.DateTimeField(auto_now_add=True)", "scope": "Order", "scopeKind": "class", "description": "unavailable"}, {"name": "order = models.ForeignKey(Order, on_delete=models.CASCADE, related_name=\"items\")", "scope": "OrderItem", "scopeKind": "class", "description": "unavailable"}, {"name": "order_id = models.CharField(max_length=32, unique=True, db_index=True)", "scope": "Order", "scopeKind": "class", "description": "unavailable"}, {"name": "payment_mode = models.CharField(max_length=50)", "scope": "Order", "scopeKind": "class", "description": "unavailable"}, {"name": "product = models.ForeignKey(\"catalog.Product\", on_delete=models.PROTECT, related_name=\"order/", "scope": "OrderItem", "scopeKind": "class", "description": "unavailable"}, {"name": "quantity = models.PositiveIntegerField()", "scope": "OrderItem", "scopeKind": "class", "description": "unavailable"}, {"name": "state = models.CharField(max_length=120)", "scope": "Order", "scopeKind": "class", "description": "unavailable"}, {"name": "status = models.CharField(max_length=20, choices=Status.choices, default=Status.PLACED)", "scope": "Order", "scopeKind": "class", "description": "unavailable"}, {"name": "unit_price = models.DecimalField(max_digits=10, decimal_places=2)", "scope": "OrderItem", "scopeKind": "class", "description": "unavailable"}, {"name": "user = models.ForeignKey(settings.AUTH_USER_MODEL, on_delete=models.CASCADE, related_name=\"o/", "scope": "Order", "scopeKind": "class", "description": "unavailable"}, {"name": "zipcode = models.CharField(max_length=20)", "scope": "Order", "scopeKind": "class", "description": "unavailable"}], "revision_history": [{"107": "a1d371d1f4c1595788454008b65ee2947aa15578"}]}