{"is_source_file": true, "file_id": 5, "git_revision": "", "state": 1, "description": "", "external_files": [], "external_methods": [], "published": [], "classes": [], "methods": [], "calls": [], "search-terms": [], "ctags": [{"_type": "tag", "name": "application", "path": "/home/kavia/workspace/code-generation/e-commerce-platform-313668-313677/django_backend/config/wsgi.py", "pattern": "/^application = get_wsgi_application()$/", "language": "Python", "kind": "variable"}], "format": "Python", "hash": "74dafa54948ff0777532b8fbecdfaf88", "format-version": 4, "code-base-name": "django_backend", "filename": "django_backend/config/wsgi.py", "knowledge_revision": 8}