{"is_source_file": true, "format": "Python", "description": "Django URL configuration for the 'orders' app, defining URL patterns and linking them to their respective views.", "external_files": ["django.urls", "orders.views"], "external_methods": ["django.urls.path", "orders.views.checkout_view", "orders.views.track_order_view"], "published": ["app_name", "urlpatterns"], "classes": [], "methods": [], "calls": ["path"], "search-terms": ["Django", "URL patterns", "orders", "checkout", "track-order", "urls.py"], "state": 2, "file_id": 48, "knowledge_revision": 111, "git_revision": "a1d371d1f4c1595788454008b65ee2947aa15578", "ctags": [{"_type": "tag", "name": "app_name", "path": "/home/kavia/workspace/code-generation/e-commerce-platform-313668-313677/django_backend/orders/urls.py", "pattern": "/^app_name = \"orders\"$/", "language": "Python", "kind": "variable"}, {"_type": "tag", "name": "urlpatterns", "path": "/home/kavia/workspace/code-generation/e-commerce-platform-313668-313677/django_backend/orders/urls.py", "pattern": "/^urlpatterns = [$/", "language": "Python", "kind": "variable"}], "hash": "dc720051a0f246b7c295476eeaabd6d3", "format-version": 4, "code-base-name": "django_backend", "filename": "django_backend/orders/urls.py", "fields": [{"name": "app_name = \"orders\"", "scope": "", "scopeKind": "", "description": "unavailable"}, {"name": "urlpatterns = [", "scope": "", "scopeKind": "", "description": "unavailable"}], "revision_history": [{"111": "a1d371d1f4c1595788454008b65ee2947aa15578"}]}