{"is_source_file": true, "format": "Python (Django models)", "description": "Defines a Django model for customer profiles extending the default User model with optional fields like full name and phone number.", "external_files": ["django.conf", "django.db"], "external_methods": [], "published": ["CustomerProfile"], "classes": [{"name": "CustomerProfile", "description": "A Django model that extends user data with optional profile information such as full name and phone number."}], "methods": [{"name": "str __str__(self)", "description": "Returns a string representation of the customer profile, including the username.", "scope": "CustomerProfile", "scopeKind": "class"}], "calls": ["settings.AUTH_USER_MODEL", "models.OneToOneField", "models.CharField"], "search-terms": ["CustomerProfile", "django models customer profile", "one to one user extension", "profile fields"], "state": 2, "file_id": 11, "knowledge_revision": 74, "git_revision": "a1d371d1f4c1595788454008b65ee2947aa15578", "ctags": [{"_type": "tag", "name": "CustomerProfile", "path": "/home/kavia/workspace/code-generation/e-commerce-platform-313668-313677/django_backend/accounts/models.py", "pattern": "/^class CustomerProfile(models.Model):$/", "language": "Python", "kind": "class"}, {"_type": "tag", "name": "__str__", "path": "/home/kavia/workspace/code-generation/e-commerce-platform-313668-313677/django_backend/accounts/models.py", "pattern": "/^    def __str__(self) -> str:$/", "language": "Python", "typeref": "typename:str", "kind": "member", "signature": "(self)", "scope": "CustomerProfile", "scopeKind": "class"}, {"_type": "tag", "name": "full_name", "path": "/home/kavia/workspace/code-generation/e-commerce-platform-313668-313677/django_backend/accounts/models.py", "pattern": "/^    full_name = models.CharField(max_length=200, blank=True)$/", "language": "Python", "kind": "variable", "scope": "CustomerProfile", "scopeKind": "class"}, {"_type": "tag", "name": "phone_number", "path": "/home/kavia/workspace/code-generation/e-commerce-platform-313668-313677/django_backend/accounts/models.py", "pattern": "/^    phone_number = models.CharField(max_length=30, blank=True)$/", "language": "Python", "kind": "variable", "scope": "CustomerProfile", "scopeKind": "class"}, {"_type": "tag", "name": "user", "path": "/home/kavia/workspace/code-generation/e-commerce-platform-313668-313677/django_backend/accounts/models.py", "pattern": "/^    user = models.OneToOneField(settings.AUTH_USER_MODEL, on_delete=models.CASCADE, related_name/", "language": "Python", "kind": "variable", "scope": "CustomerProfile", "scopeKind": "class"}], "hash": "c2be9f1f6e27c4bf01195a5e807d8b5e", "format-version": 4, "code-base-name": "django_backend", "filename": "django_backend/accounts/models.py", "fields": [{"name": "full_name = models.CharField(max_length=200, blank=True)", "scope": "CustomerProfile", "scopeKind": "class", "description": "unavailable"}, {"name": "phone_number = models.CharField(max_length=30, blank=True)", "scope": "CustomerProfile", "scopeKind": "class", "description": "unavailable"}, {"name": "user = models.OneToOneField(settings.AUTH_USER_MODEL, on_delete=models.CASCADE, related_name/", "scope": "CustomerProfile", "scopeKind": "class", "description": "unavailable"}], "revision_history": [{"74": "a1d371d1f4c1595788454008b65ee2947aa15578"}]}