{"is_source_file": false, "format": "", "description": "", "external_files": [], "external_methods": [], "published": [], "classes": [], "methods": [], "calls": [], "search-terms": [], "state": 2, "file_id": 60, "knowledge_revision": 123, "git_revision": "a1d371d1f4c1595788454008b65ee2947aa15578", "hash": "3f9a43fb3702fa1cf2f5e7f020fb57a3", "format-version": 4, "code-base-name": "django_backend", "filename": "django_backend/contact/templates/contact/contact_guest.html", "revision_history": [{"123": "a1d371d1f4c1595788454008b65ee2947aa15578"}]}