{"is_source_file": true, "format": "Python", "description": "Django project's manage.py script used for administrative tasks such as migration, server start, and app management.", "external_files": ["django.core.management"], "external_methods": ["django.core.management.execute_from_command_line"], "published": ["main"], "classes": [], "methods": [{"name": "None main()", "description": "Entry point for executing administrative Django commands.", "scope": "", "scopeKind": ""}], "calls": ["django.core.management.execute_from_command_line"], "search-terms": ["manage.py", "Django", "administrative tasks", "execute_from_command_line"], "state": 2, "file_id": 2, "knowledge_revision": 25, "git_revision": "a1d371d1f4c1595788454008b65ee2947aa15578", "ctags": [{"_type": "tag", "name": "main", "path": "/home/kavia/workspace/code-generation/e-commerce-platform-313668-313677/django_backend/manage.py", "pattern": "/^def main() -> None:$/", "language": "Python", "typeref": "typename:None", "kind": "function", "signature": "()"}], "hash": "d4f792a29b432d66dc57038e5ebd095b", "format-version": 4, "code-base-name": "django_backend", "filename": "django_backend/manage.py", "revision_history": [{"25": "a1d371d1f4c1595788454008b65ee2947aa15578"}]}