{"is_source_file": true, "format": "Python", "description": "Django application configuration file for the 'orders' app, defining the AppConfig subclass with app-specific settings.", "external_files": ["django.apps"], "external_methods": [], "published": ["orders.apps.OrdersConfig"], "classes": [{"name": "OrdersConfig", "description": "Custom Django AppConfig subclass for the 'orders' application."}], "methods": [], "calls": [], "search-terms": ["OrdersConfig", "django.apps", "AppConfig", "orders"], "state": 2, "file_id": 43, "knowledge_revision": 106, "git_revision": "a1d371d1f4c1595788454008b65ee2947aa15578", "ctags": [{"_type": "tag", "name": "OrdersConfig", "path": "/home/kavia/workspace/code-generation/e-commerce-platform-313668-313677/django_backend/orders/apps.py", "pattern": "/^class OrdersConfig(AppConfig):$/", "language": "Python", "kind": "class"}, {"_type": "tag", "name": "default_auto_field", "path": "/home/kavia/workspace/code-generation/e-commerce-platform-313668-313677/django_backend/orders/apps.py", "pattern": "/^    default_auto_field = \"django.db.models.BigAutoField\"$/", "language": "Python", "kind": "variable", "scope": "OrdersConfig", "scopeKind": "class"}, {"_type": "tag", "name": "name", "path": "/home/kavia/workspace/code-generation/e-commerce-platform-313668-313677/django_backend/orders/apps.py", "pattern": "/^    name = \"orders\"$/", "language": "Python", "kind": "variable", "scope": "OrdersConfig", "scopeKind": "class"}], "hash": "3140a959fe4cb622c248ea2b72c0138d", "format-version": 4, "code-base-name": "django_backend", "filename": "django_backend/orders/apps.py", "fields": [{"name": "default_auto_field = \"django.db.models.BigAutoField\"", "scope": "OrdersConfig", "scopeKind": "class", "description": "unavailable"}, {"name": "name = \"orders\"", "scope": "OrdersConfig", "scopeKind": "class", "description": "unavailable"}], "revision_history": [{"106": "a1d371d1f4c1595788454008b65ee2947aa15578"}]}