{"is_source_file": true, "format": "Python (Django admin configuration)", "description": "This file defines Django admin interface customizations for Cart and CartItem models, including inline display for CartItems within Cart admin and search configurations.", "external_files": ["django.contrib.admin", "cart.models"], "external_methods": ["admin.register"], "published": ["CartAdmin", "CartItemAdmin"], "classes": [{"name": "CartItemInline", "description": "Django admin inline class for displaying CartItem objects within Cart admin interface."}, {"name": "CartAdmin", "description": "Django admin class for managing Cart objects, with list display and search fields."}, {"name": "CartItemAdmin", "description": "Django admin class for managing CartItem objects, with list display and search fields."}], "methods": [{"name": "CartItemInline", "description": "Defines inline admin for CartItem model."}, {"name": "CartAdmin", "description": "Registers and configures admin interface for Cart model."}, {"name": "CartItemAdmin", "description": "Registers and configures admin interface for CartItem model."}], "calls": ["admin.register", "admin.TabularInline"], "search-terms": ["Django admin", "Cart model", "CartItem model", "inline admin", "list_display", "search_fields"], "state": 2, "file_id": 40, "knowledge_revision": 103, "git_revision": "a1d371d1f4c1595788454008b65ee2947aa15578", "ctags": [{"_type": "tag", "name": "CartAdmin", "path": "/home/kavia/workspace/code-generation/e-commerce-platform-313668-313677/django_backend/cart/admin.py", "pattern": "/^class CartAdmin(admin.ModelAdmin):$/", "language": "Python", "kind": "class"}, {"_type": "tag", "name": "CartItemAdmin", "path": "/home/kavia/workspace/code-generation/e-commerce-platform-313668-313677/django_backend/cart/admin.py", "pattern": "/^class CartItemAdmin(admin.ModelAdmin):$/", "language": "Python", "kind": "class"}, {"_type": "tag", "name": "CartItemInline", "path": "/home/kavia/workspace/code-generation/e-commerce-platform-313668-313677/django_backend/cart/admin.py", "pattern": "/^class CartItemInline(admin.TabularInline):$/", "language": "Python", "kind": "class"}, {"_type": "tag", "name": "extra", "path": "/home/kavia/workspace/code-generation/e-commerce-platform-313668-313677/django_backend/cart/admin.py", "pattern": "/^    extra = 0$/", "language": "Python", "kind": "variable", "scope": "CartItemInline", "scopeKind": "class"}, {"_type": "tag", "name": "inlines", "path": "/home/kavia/workspace/code-generation/e-commerce-platform-313668-313677/django_backend/cart/admin.py", "pattern": "/^    inlines = [CartItemInline]$/", "language": "Python", "kind": "variable", "scope": "CartAdmin", "scopeKind": "class"}, {"_type": "tag", "name": "list_display", "path": "/home/kavia/workspace/code-generation/e-commerce-platform-313668-313677/django_backend/cart/admin.py", "pattern": "/^    list_display = (\"cart\", \"product\", \"quantity\")$/", "language": "Python", "kind": "variable", "scope": "CartItemAdmin", "scopeKind": "class"}, {"_type": "tag", "name": "list_display", "path": "/home/kavia/workspace/code-generation/e-commerce-platform-313668-313677/django_backend/cart/admin.py", "pattern": "/^    list_display = (\"user\", \"created_at\", \"updated_at\")$/", "language": "Python", "kind": "variable", "scope": "CartAdmin", "scopeKind": "class"}, {"_type": "tag", "name": "model", "path": "/home/kavia/workspace/code-generation/e-commerce-platform-313668-313677/django_backend/cart/admin.py", "pattern": "/^    model = CartItem$/", "language": "Python", "kind": "variable", "scope": "CartItemInline", "scopeKind": "class"}, {"_type": "tag", "name": "search_fields", "path": "/home/kavia/workspace/code-generation/e-commerce-platform-313668-313677/django_backend/cart/admin.py", "pattern": "/^    search_fields = (\"cart__user__username\", \"product__name\")$/", "language": "Python", "kind": "variable", "scope": "CartItemAdmin", "scopeKind": "class"}, {"_type": "tag", "name": "search_fields", "path": "/home/kavia/workspace/code-generation/e-commerce-platform-313668-313677/django_backend/cart/admin.py", "pattern": "/^    search_fields = (\"user__username\",)$/", "language": "Python", "kind": "variable", "scope": "CartAdmin", "scopeKind": "class"}], "hash": "b5f9b76d6020c0cff492282ceda14462", "format-version": 4, "code-base-name": "django_backend", "filename": "django_backend/cart/admin.py", "fields": [{"name": "extra = 0", "scope": "CartItemInline", "scopeKind": "class", "description": "unavailable"}, {"name": "inlines = [CartItemInline]", "scope": "CartAdmin", "scopeKind": "class", "description": "unavailable"}, {"name": "list_display = (\"cart\", \"product\", \"quantity\")", "scope": "CartItemAdmin", "scopeKind": "class", "description": "unavailable"}, {"name": "list_display = (\"user\", \"created_at\", \"updated_at\")", "scope": "CartAdmin", "scopeKind": "class", "description": "unavailable"}, {"name": "model = CartItem", "scope": "CartItemInline", "scopeKind": "class", "description": "unavailable"}, {"name": "search_fields = (\"cart__user__username\", \"product__name\")", "scope": "CartItemAdmin", "scopeKind": "class", "description": "unavailable"}, {"name": "search_fields = (\"user__username\",)", "scope": "CartAdmin", "scopeKind": "class", "description": "unavailable"}], "revision_history": [{"103": "a1d371d1f4c1595788454008b65ee2947aa15578"}]}