{"is_source_file": true, "file_id": 2, "git_revision": "", "state": 1, "description": "", "external_files": [], "external_methods": [], "published": [], "classes": [], "methods": [], "calls": [], "search-terms": [], "ctags": [{"_type": "tag", "name": "main", "path": "/home/kavia/workspace/code-generation/e-commerce-platform-313668-313677/django_backend/manage.py", "pattern": "/^def main() -> None:$/", "language": "Python", "typeref": "typename:None", "kind": "function", "signature": "()"}], "format": "Python", "hash": "d4f792a29b432d66dc57038e5ebd095b", "format-version": 4, "code-base-name": "django_backend", "filename": "django_backend/manage.py", "knowledge_revision": 5}