{"is_source_file": false, "format": "", "description": "", "external_files": [], "external_methods": [], "published": [], "classes": [], "methods": [], "calls": [], "search-terms": ["register.html", "template", "Django", "HTML", "form"], "state": 2, "file_id": 16, "knowledge_revision": 79, "git_revision": "a1d371d1f4c1595788454008b65ee2947aa15578", "hash": "023e061f4a6c0bff36d847f80b950ce5", "format-version": 4, "code-base-name": "django_backend", "filename": "django_backend/accounts/templates/accounts/register.html", "revision_history": [{"79": "a1d371d1f4c1595788454008b65ee2947aa15578"}]}