{"is_source_file": true, "format": "Python", "description": "Django admin configuration for managing CustomerProfile models, including registration and display customization.", "external_files": ["django.contrib.admin", "accounts/models.py"], "external_methods": [], "published": ["CustomerProfileAdmin"], "classes": [{"name": "CustomerProfileAdmin", "description": "A Django admin class that customizes the admin interface for CustomerProfile model, specifying list display and search fields."}], "methods": [], "calls": [], "search-terms": ["admin registration", "CustomerProfile", "list_display", "search_fields"], "state": 2, "file_id": 15, "knowledge_revision": 78, "git_revision": "a1d371d1f4c1595788454008b65ee2947aa15578", "ctags": [{"_type": "tag", "name": "CustomerProfileAdmin", "path": "/home/kavia/workspace/code-generation/e-commerce-platform-313668-313677/django_backend/accounts/admin.py", "pattern": "/^class CustomerProfileAdmin(admin.ModelAdmin):$/", "language": "Python", "kind": "class"}, {"_type": "tag", "name": "list_display", "path": "/home/kavia/workspace/code-generation/e-commerce-platform-313668-313677/django_backend/accounts/admin.py", "pattern": "/^    list_display = (\"user\", \"full_name\", \"phone_number\")$/", "language": "Python", "kind": "variable", "scope": "CustomerProfileAdmin", "scopeKind": "class"}, {"_type": "tag", "name": "search_fields", "path": "/home/kavia/workspace/code-generation/e-commerce-platform-313668-313677/django_backend/accounts/admin.py", "pattern": "/^    search_fields = (\"user__username\", \"full_name\", \"phone_number\")$/", "language": "Python", "kind": "variable", "scope": "CustomerProfileAdmin", "scopeKind": "class"}], "hash": "bc3a3aacd897b1914237fb5d8f9aa03e", "format-version": 4, "code-base-name": "django_backend", "filename": "django_backend/accounts/admin.py", "fields": [{"name": "list_display = (\"user\", \"full_name\", \"phone_number\")", "scope": "CustomerProfileAdmin", "scopeKind": "class", "description": "unavailable"}, {"name": "search_fields = (\"user__username\", \"full_name\", \"phone_number\")", "scope": "CustomerProfileAdmin", "scopeKind": "class", "description": "unavailable"}], "revision_history": [{"78": "a1d371d1f4c1595788454008b65ee2947aa15578"}]}