{"is_source_file": true, "format": "Python (Django models)", "description": "Defines the Review model class for product reviews, including relationships to Product and User, and contains metadata for ordering and uniqueness constraints.", "external_files": ["django.conf", "django.db.models", "catalog.Product"], "external_methods": ["settings.AUTH_USER_MODEL", "models.ForeignKey", "models.TextField", "models.DateTimeField"], "published": ["Review"], "classes": [{"name": "Review", "description": "Model representing a product review by a user, with foreign keys to a product and an author, and additional review content and metadata."}], "methods": [{"name": "str __str__(self)", "description": "Returns a string representation of the review, showing product and author IDs.", "scope": "Review", "scopeKind": "class"}], "calls": ["models.ForeignKey", "models.TextField", "models.DateTimeField"], "search-terms": ["Review", "product", "author", "django.db.models", "reviews"], "state": 2, "file_id": 28, "knowledge_revision": 91, "git_revision": "a1d371d1f4c1595788454008b65ee2947aa15578", "ctags": [{"_type": "tag", "name": "Meta", "path": "/home/kavia/workspace/code-generation/e-commerce-platform-313668-313677/django_backend/reviews/models.py", "pattern": "/^    class Meta:$/", "language": "Python", "kind": "class", "scope": "Review", "scopeKind": "class"}, {"_type": "tag", "name": "Review", "path": "/home/kavia/workspace/code-generation/e-commerce-platform-313668-313677/django_backend/reviews/models.py", "pattern": "/^class Review(models.Model):$/", "language": "Python", "kind": "class"}, {"_type": "tag", "name": "__str__", "path": "/home/kavia/workspace/code-generation/e-commerce-platform-313668-313677/django_backend/reviews/models.py", "pattern": "/^    def __str__(self) -> str:$/", "language": "Python", "typeref": "typename:str", "kind": "member", "signature": "(self)", "scope": "Review", "scopeKind": "class"}, {"_type": "tag", "name": "author", "path": "/home/kavia/workspace/code-generation/e-commerce-platform-313668-313677/django_backend/reviews/models.py", "pattern": "/^    author = models.ForeignKey(settings.AUTH_USER_MODEL, on_delete=models.CASCADE, related_name=/", "language": "Python", "kind": "variable", "scope": "Review", "scopeKind": "class"}, {"_type": "tag", "name": "body", "path": "/home/kavia/workspace/code-generation/e-commerce-platform-313668-313677/django_backend/reviews/models.py", "pattern": "/^    body = models.TextField()$/", "language": "Python", "kind": "variable", "scope": "Review", "scopeKind": "class"}, {"_type": "tag", "name": "created_at", "path": "/home/kavia/workspace/code-generation/e-commerce-platform-313668-313677/django_backend/reviews/models.py", "pattern": "/^    created_at = models.DateTimeField(auto_now_add=True)  # optional per architecture$/", "language": "Python", "kind": "variable", "scope": "Review", "scopeKind": "class"}, {"_type": "tag", "name": "ordering", "path": "/home/kavia/workspace/code-generation/e-commerce-platform-313668-313677/django_backend/reviews/models.py", "pattern": "/^        ordering = [\"-created_at\", \"-id\"]$/", "language": "Python", "kind": "variable", "scope": "Review.Meta", "scopeKind": "class"}, {"_type": "tag", "name": "product", "path": "/home/kavia/workspace/code-generation/e-commerce-platform-313668-313677/django_backend/reviews/models.py", "pattern": "/^    product = models.ForeignKey(\"catalog.Product\", on_delete=models.CASCADE, related_name=\"revie/", "language": "Python", "kind": "variable", "scope": "Review", "scopeKind": "class"}, {"_type": "tag", "name": "unique_together", "path": "/home/kavia/workspace/code-generation/e-commerce-platform-313668-313677/django_backend/reviews/models.py", "pattern": "/^        unique_together = (\"product\", \"author\")  # not specified; helps prevent spam duplicates;/", "language": "Python", "kind": "variable", "scope": "Review.Meta", "scopeKind": "class"}], "hash": "e03c2db0b09df73cff705ebbc19e1891", "format-version": 4, "code-base-name": "django_backend", "filename": "django_backend/reviews/models.py", "fields": [{"name": "author = models.ForeignKey(settings.AUTH_USER_MODEL, on_delete=models.CASCADE, related_name=/", "scope": "Review", "scopeKind": "class", "description": "unavailable"}, {"name": "body = models.TextField()", "scope": "Review", "scopeKind": "class", "description": "unavailable"}, {"name": "created_at = models.DateTimeField(auto_now_add=True)  # optional per architecture", "scope": "Review", "scopeKind": "class", "description": "unavailable"}, {"name": "ordering = [\"-created_at\", \"-id\"]", "scope": "Review.Meta", "scopeKind": "class", "description": "unavailable"}, {"name": "product = models.ForeignKey(\"catalog.Product\", on_delete=models.CASCADE, related_name=\"revie/", "scope": "Review", "scopeKind": "class", "description": "unavailable"}, {"name": "unique_together = (\"product\", \"author\")  # not specified; helps prevent spam duplicates;/", "scope": "Review.Meta", "scopeKind": "class", "description": "unavailable"}], "revision_history": [{"91": "a1d371d1f4c1595788454008b65ee2947aa15578"}]}