{"is_source_file": true, "format": "Python", "description": "This file defines a service function to determine if a user is eligible to review a product, based on whether the user has purchased that product. It imports models from Django's auth system, and related catalog and orders modules.", "external_files": ["django.contrib.auth.models", "catalog.models", "orders.models"], "external_methods": ["OrderItem.objects.filter", "OrderItem.objects.filter.exists"], "published": ["user_can_review_product"], "classes": [], "methods": [{"name": "bool user_can_review_product(user: AbstractBaseUser, product: Product)", "description": "Checks if the user is authenticated and has purchased the product by querying OrderItem records.", "scope": "", "scopeKind": ""}], "calls": ["OrderItem.objects.filter", "OrderItem.objects.filter.exists"], "search-terms": ["reviews", "product review eligibility", "purchase verification", "OrderItem", "user authentication", "product review"], "state": 2, "file_id": 30, "knowledge_revision": 93, "git_revision": "a1d371d1f4c1595788454008b65ee2947aa15578", "ctags": [{"_type": "tag", "name": "user_can_review_product", "path": "/home/kavia/workspace/code-generation/e-commerce-platform-313668-313677/django_backend/reviews/services.py", "pattern": "/^def user_can_review_product(user: AbstractBaseUser, product: Product) -> bool:$/", "language": "Python", "typeref": "typename:bool", "kind": "function", "signature": "(user: AbstractBaseUser, product: Product)"}], "hash": "4b9b6531a2b22e7a13c6d724b112dae0", "format-version": 4, "code-base-name": "django_backend", "filename": "django_backend/reviews/services.py", "revision_history": [{"93": "a1d371d1f4c1595788454008b65ee2947aa15578"}]}