{"is_source_file": true, "format": "Python", "description": "Django application configuration for the 'cart' app, defining default auto field and app label.", "external_files": ["django.apps"], "external_methods": [], "published": ["CartConfig"], "classes": [{"name": "CartConfig", "description": "Configuration class for the cart application, inherits from Django's AppConfig."}], "methods": [{"name": "CartConfig", "description": "Constructor method for the CartConfig class, initializes the app configuration."}], "calls": ["django.apps.AppConfig"], "search-terms": ["CartConfig", "AppConfig", "django", "cart"], "state": 2, "file_id": 34, "knowledge_revision": 97, "git_revision": "a1d371d1f4c1595788454008b65ee2947aa15578", "ctags": [{"_type": "tag", "name": "CartConfig", "path": "/home/kavia/workspace/code-generation/e-commerce-platform-313668-313677/django_backend/cart/apps.py", "pattern": "/^class CartConfig(AppConfig):$/", "language": "Python", "kind": "class"}, {"_type": "tag", "name": "default_auto_field", "path": "/home/kavia/workspace/code-generation/e-commerce-platform-313668-313677/django_backend/cart/apps.py", "pattern": "/^    default_auto_field = \"django.db.models.BigAutoField\"$/", "language": "Python", "kind": "variable", "scope": "CartConfig", "scopeKind": "class"}, {"_type": "tag", "name": "name", "path": "/home/kavia/workspace/code-generation/e-commerce-platform-313668-313677/django_backend/cart/apps.py", "pattern": "/^    name = \"cart\"$/", "language": "Python", "kind": "variable", "scope": "CartConfig", "scopeKind": "class"}], "hash": "c34f6e2a139fed6c792404dbc6daa066", "format-version": 4, "code-base-name": "django_backend", "filename": "django_backend/cart/apps.py", "fields": [{"name": "default_auto_field = \"django.db.models.BigAutoField\"", "scope": "CartConfig", "scopeKind": "class", "description": "unavailable"}, {"name": "name = \"cart\"", "scope": "CartConfig", "scopeKind": "class", "description": "unavailable"}], "revision_history": [{"97": "a1d371d1f4c1595788454008b65ee2947aa15578"}]}