{"is_source_file": true, "format": "Python", "description": "This file defines the ContactMessage model in a Django application, representing contact messages submitted by users or guests, with fields for user info, message content, and timestamp.", "external_files": ["django.conf", "django.db.models"], "external_methods": ["settings.AUTH_USER_MODEL", "models.ForeignKey", "models.CharField", "models.EmailField", "models.TextField", "models.DateTimeField"], "published": ["ContactMessage"], "classes": [{"name": "ContactMessage", "description": "Django model representing contact messages submitted by users or guests."}], "methods": [{"name": "str __str__(self)", "description": "Returns a string representation of the ContactMessage instance, including its ID.", "scope": "ContactMessage", "scopeKind": "class"}], "calls": ["settings.AUTH_USER_MODEL", "models.ForeignKey", "models.CharField", "models.EmailField", "models.TextField", "models.DateTimeField"], "search-terms": ["ContactMessage", "django.db.models", "contact messages", "guest form", "user", "message", "django_backend", "models.py"], "state": 2, "file_id": 54, "knowledge_revision": 117, "git_revision": "a1d371d1f4c1595788454008b65ee2947aa15578", "ctags": [{"_type": "tag", "name": "ContactMessage", "path": "/home/kavia/workspace/code-generation/e-commerce-platform-313668-313677/django_backend/contact/models.py", "pattern": "/^class ContactMessage(models.Model):$/", "language": "Python", "kind": "class"}, {"_type": "tag", "name": "__str__", "path": "/home/kavia/workspace/code-generation/e-commerce-platform-313668-313677/django_backend/contact/models.py", "pattern": "/^    def __str__(self) -> str:$/", "language": "Python", "typeref": "typename:str", "kind": "member", "signature": "(self)", "scope": "ContactMessage", "scopeKind": "class"}, {"_type": "tag", "name": "created_at", "path": "/home/kavia/workspace/code-generation/e-commerce-platform-313668-313677/django_backend/contact/models.py", "pattern": "/^    created_at = models.DateTimeField(auto_now_add=True)$/", "language": "Python", "kind": "variable", "scope": "ContactMessage", "scopeKind": "class"}, {"_type": "tag", "name": "email", "path": "/home/kavia/workspace/code-generation/e-commerce-platform-313668-313677/django_backend/contact/models.py", "pattern": "/^    email = models.EmailField(blank=True)$/", "language": "Python", "kind": "variable", "scope": "ContactMessage", "scopeKind": "class"}, {"_type": "tag", "name": "message", "path": "/home/kavia/workspace/code-generation/e-commerce-platform-313668-313677/django_backend/contact/models.py", "pattern": "/^    message = models.TextField()$/", "language": "Python", "kind": "variable", "scope": "ContactMessage", "scopeKind": "class"}, {"_type": "tag", "name": "name", "path": "/home/kavia/workspace/code-generation/e-commerce-platform-313668-313677/django_backend/contact/models.py", "pattern": "/^    name = models.CharField(max_length=200, blank=True)$/", "language": "Python", "kind": "variable", "scope": "ContactMessage", "scopeKind": "class"}, {"_type": "tag", "name": "phone", "path": "/home/kavia/workspace/code-generation/e-commerce-platform-313668-313677/django_backend/contact/models.py", "pattern": "/^    phone = models.CharField(max_length=30, blank=True)$/", "language": "Python", "kind": "variable", "scope": "ContactMessage", "scopeKind": "class"}, {"_type": "tag", "name": "user", "path": "/home/kavia/workspace/code-generation/e-commerce-platform-313668-313677/django_backend/contact/models.py", "pattern": "/^    user = models.ForeignKey(settings.AUTH_USER_MODEL, null=True, blank=True, on_delete=models.S/", "language": "Python", "kind": "variable", "scope": "ContactMessage", "scopeKind": "class"}], "hash": "7a812ebdaf0826120339d25c1521b9f3", "format-version": 4, "code-base-name": "django_backend", "filename": "django_backend/contact/models.py", "fields": [{"name": "created_at = models.DateTimeField(auto_now_add=True)", "scope": "ContactMessage", "scopeKind": "class", "description": "unavailable"}, {"name": "email = models.EmailField(blank=True)", "scope": "ContactMessage", "scopeKind": "class", "description": "unavailable"}, {"name": "message = models.TextField()", "scope": "ContactMessage", "scopeKind": "class", "description": "unavailable"}, {"name": "name = models.CharField(max_length=200, blank=True)", "scope": "ContactMessage", "scopeKind": "class", "description": "unavailable"}, {"name": "phone = models.CharField(max_length=30, blank=True)", "scope": "ContactMessage", "scopeKind": "class", "description": "unavailable"}, {"name": "user = models.ForeignKey(settings.AUTH_USER_MODEL, null=True, blank=True, on_delete=models.S/", "scope": "ContactMessage", "scopeKind": "class", "description": "unavailable"}], "revision_history": [{"117": "a1d371d1f4c1595788454008b65ee2947aa15578"}]}