{"is_source_file": false, "format": "HTML template (Django template syntax)", "description": "This file is a Django template for rendering the shopping cart page, showing items, subtotal, total, and checkout options.", "external_files": ["base.html", "cart:decrease_item", "cart:increase_item", "catalog:product_detail", "orders:checkout"], "external_methods": [], "published": [], "classes": [], "methods": [], "calls": ["{% url 'cart:decrease_item' i.id %}", "{% url 'cart:increase_item' i.id %}", "{% url 'catalog:product_detail' i.product.id %}", "{% url 'orders:checkout' %}"], "search-terms": ["cart.html", "Django template", "cart page", "shopping cart", "cart items display", "cart subtotal", "checkout"], "state": 2, "file_id": 41, "knowledge_revision": 104, "git_revision": "a1d371d1f4c1595788454008b65ee2947aa15578", "hash": "8f5cfaf853ee3da2fe5ef7aaa111feaa", "format-version": 4, "code-base-name": "django_backend", "filename": "django_backend/cart/templates/cart/cart.html", "revision_history": [{"104": "a1d371d1f4c1595788454008b65ee2947aa15578"}]}